"";"sentimentTerm";"score"
"1";"abbau";-0,058
"2";"abbauen";-0,0578
"3";"abbrechen";-0,3482
"4";"abbruch";-0,0048
"5";"abdämpfen";-0,0048
"6";"abdämpfung";-0,0048
"7";"abdanken";-0,0048
"8";"abdankung";-0,0048
"9";"abfall";-0,0048
"10";"abfallen";-0,0048
"11";"abfällig";-0,3197
"12";"abfuhr";-0,3367
"13";"abführen";-0,3358
"14";"abgebrochen";-0,0048
"15";"abgedroschen";-0,1839
"16";"abgesichert";0,004
"17";"abgestanden";-0,0368
"18";"abgetakelt";-0,0048
"19";"abgleiten";-0,0397
"20";"abgrund";-0,3465
"21";"abgründig";-0,1719
"22";"abhängig";-0,0048
"23";"abhängigkeit";-0,3653
"24";"ablaufen";-0,0048
"25";"ablehnen";-0,6458
"26";"ablehnung";-0,5118
"27";"ablenken";-0,042
"28";"ablenkung";-0,0435
"29";"abmachen";0,004
"30";"abmachung";0,004
"31";"abnahme";-0,0048
"32";"abnehmen";-0,0292
"33";"abneigung";-0,0048
"34";"abnutzen";-0,0417
"35";"abnutzung";-0,0048
"36";"abraten";-0,3353
"37";"abreissen";-0,3116
"38";"abriss";-0,0048
"39";"abrupt";-0,0048
"40";"abrutsch";-0,0048
"41";"abrutschen";-0,0048
"42";"abschaffen";-0,0048
"43";"abschaffung";-0,058
"44";"abschätzig";-0,0048
"45";"abschießen";-0,0048
"46";"abschließen";0,004
"47";"abschluß";0,004
"48";"abschrecken";-0,178
"49";"abschreckend";-0,049
"50";"abschreckung";-0,0048
"51";"abschreiben";-0,1847
"52";"abschreibung";-0,3345
"53";"abschuß";-0,0048
"54";"abschwächen";-0,0048
"55";"abschwächung";-0,1935
"56";"absenken";-0,0048
"57";"absenkung";-0,3434
"58";"absinken";-0,3269
"59";"absolut";0,2418
"60";"abspalten";-0,3099
"61";"abspaltung";-0,0048
"62";"absperren";-0,0048
"63";"absperrung";-0,0048
"64";"absteigen";-0,4776
"65";"abstieg";-0,3215
"66";"abstimmen";0,004
"67";"abstimmung";0,004
"68";"abstoß";-0,0048
"69";"abstoßen";-0,1796
"70";"abstoßend";-0,5859
"71";"abstrich";-0,3201
"72";"abstumpfen";-0,0048
"73";"abstumpfung";-0,0048
"74";"absturz";-0,4739
"75";"abstürzen";-0,4697
"76";"absurd";-0,212
"77";"absurdität";-0,0048
"78";"abtragen";-0,0048
"79";"abwärtstrend";-0,1941
"80";"abwechslungsreich";0,5797
"81";"abweichen";-0,3422
"82";"abweichung";-0,3462
"83";"abweisen";-0,0048
"84";"abweisung";-0,0048
"85";"abwerten";-0,4521
"86";"abwertung";-0,3283
"87";"abzocke";-0,0048
"88";"achtlos";-0,0048
"89";"achtlosigkeit";-0,0048
"90";"addieren";0,004
"91";"adrett";0,1987
"92";"affäre";-0,1794
"93";"aggression";-0,4889
"94";"aggressiv";-0,4484
"95";"aggressivität";-0,1958
"96";"aggressor";-0,3155
"97";"agilität";0,004
"98";"agil";0,1959
"99";"agitation";-0,0048
"100";"akkurat";0,004
"101";"aktivität";0,004
"102";"aktiv";0,0911
"103";"aktualisieren";0,004
"104";"aktualisierung";0,004
"105";"aktualität";0,004
"106";"aktuell";0,004
"107";"akzeptabel";0,004
"108";"akzeptanz";0,004
"109";"akzeptieren";0,004
"110";"alarm";-0,0048
"111";"alarmieren";-0,0048
"112";"alkoholisiert";-0,0048
"113";"allerbeste";0,004
"114";"allererste";0,004
"115";"allgemeingültig";0,004
"116";"allumfassend";0,004
"117";"alptraum";-0,0048
"118";"alt";-0,0048
"119";"altmodisch";-0,0382
"120";"amateur";-0,0048
"121";"amateurhaft";-0,4485
"122";"ambivalent";-0,4628
"123";"ambivalenz";-0,3266
"124";"anbieten";0,004
"125";"andrang";0,004
"126";"androhen";-0,0048
"127";"androhung";-0,0048
"128";"anerkannt";0,0785
"129";"anerkennen";0,004
"130";"anerkennenswert";0,004
"131";"anerkennung";0,0855
"132";"anfällig";-0,1884
"133";"anfälligkeit";-0,0048
"134";"angebot";0,0711
"135";"angemessen";0,004
"136";"angemessenheit";0,004
"137";"angenehm";0,4887
"138";"angesehen";0,004
"139";"angespannt";-0,4744
"140";"angestrengt";-0,0415
"141";"angetrunken";-0,0048
"142";"angreifen";-0,0464
"143";"angreifer";-0,0048
"144";"angriff";-0,212
"145";"angst";-0,514
"146";"ängstigen";-0,3193
"147";"ängstlich";-0,4735
"148";"anheben";0,004
"149";"anhebung";0,004
"150";"anheitern";0,004
"151";"anheiterung";0,004
"152";"anklage";-0,3468
"153";"anklagen";-0,0048
"154";"ankurbeln";0,004
"155";"ankurbelung";0,004
"156";"anlocken";0,004
"157";"anmaßen";-0,0048
"158";"anmaßung";-0,0048
"159";"annähern";0,004
"160";"annäherung";0,004
"161";"annehmbar";0,004
"162";"annehmlichkeit";0,004
"163";"annullieren";-0,3149
"164";"annullierung";-0,0048
"165";"anomalie";-0,0048
"166";"anpassen";0,004
"167";"anpassung";0,004
"168";"anpassungsfähig";0,0799
"169";"anpassungsfähigkeit";0,004
"170";"anreichern";0,004
"171";"anreicherung";0,004
"172";"anschießen";-0,0048
"173";"ansehnlich";0,0931
"174";"anspannen";-0,0444
"175";"anspannung";-0,0048
"176";"ansprechend";0,3382
"177";"anspruch";0,004
"178";"anspruchsvoll";0,2216
"179";"anstand";0,004
"180";"anständig";0,0977
"181";"anständigkeit";0,004
"182";"ansteigen";0,004
"183";"anstieg";0,004
"184";"anstößig";-0,0048
"185";"anstrengen";-0,0048
"186";"anstrengend";-0,0048
"187";"anstrengung";-0,0048
"188";"anteil";0,004
"189";"anteilig";0,004
"190";"antipathie";-0,0048
"191";"antiquiert";-0,0048
"192";"anvertrauen";0,004
"193";"anziehen";0,004
"194";"anziehung";0,004
"195";"anzünden";-0,3333
"196";"apathisch";-0,3252
"197";"apokalyptisch";-0,0048
"198";"applaudieren";0,004
"199";"applaus";0,0871
"200";"arbeitslos";-0,3426
"201";"arbeitslose";-0,3549
"202";"arbeitslosigkeit";-0,3654
"203";"archaisch";-0,0048
"204";"ärger";-0,3465
"205";"ärgerlich";-0,3111
"206";"ärgern";-0,0048
"207";"ärgernis";-0,3357
"208";"arm";-0,4546
"209";"armselig";-0,1814
"210";"armut";-0,2038
"211";"arrogant";-0,4659
"212";"arroganz";-0,3289
"213";"arschloch";-0,1901
"214";"artig";0,225
"215";"ästhetisch";0,2038
"216";"atemberaubend";0,3261
"217";"attacke";-0,47
"218";"attackieren";-0,0048
"219";"attraktivität";0,004
"220";"attraktiv";0,2162
"221";"aufbereiten";0,004
"222";"aufbereitung";0,004
"223";"aufbessern";0,004
"224";"aufbesserung";0,004
"225";"aufblähen";-0,0048
"226";"aufblasen";-0,0048
"227";"aufblühen";0,0845
"228";"aufbringen";-0,0048
"229";"auferstehen";0,004
"230";"auferstehung";0,004
"231";"auffallen";-0,3386
"232";"aufgeben";-0,2098
"233";"aufgebracht";-0,0048
"234";"aufgeregt";-0,0048
"235";"aufhebung";-0,0048
"236";"aufhören";-0,0142
"237";"auflösen";-0,0412
"238";"auflösung";-0,0048
"239";"aufmerksam";0,004
"240";"aufmerksamkeit";0,004
"241";"aufmuntern";0,004
"242";"aufmunternd";0,004
"243";"aufmunterung";0,004
"244";"aufrecht";0,004
"245";"aufregen";-0,0048
"246";"aufregung";-0,0386
"247";"aufreibend";-0,0048
"248";"aufrichtig";0,004
"249";"aufrichtigkeit";0,004
"250";"aufruhr";-0,0048
"251";"aufrühren";-0,0256
"252";"aufschlagen";-0,04
"253";"aufschrei";-0,0048
"254";"aufschreien";-0,043
"255";"aufschwingen";0,004
"256";"aufschwung";0,004
"257";"aufstand";-0,0048
"258";"aufsteigen";0,004
"259";"aufstieg";0,004
"260";"aufstocken";0,004
"261";"aufstockung";0,004
"262";"auftrag";0,004
"263";"auftreiben";0,004
"264";"auftrieb";0,004
"265";"aufwärts";0,004
"266";"aufwärtstrend";0,004
"267";"aufwendig";0,004
"268";"aufwerten";0,004
"269";"aufwertung";0,004
"270";"aufwühlen";-0,0398
"271";"augenweide";0,0844
"272";"ausbau";0,004
"273";"ausbauen";0,004
"274";"ausbeute";-0,1894
"275";"ausbeuten";-0,3215
"276";"ausbeuter";-0,0048
"277";"ausbeutung";-0,0048
"278";"ausbilden";0,004
"279";"ausbildung";0,004
"280";"ausbrechen";-0,1819
"281";"ausbruch";-0,0048
"282";"ausdauer";0,0886
"283";"ausdauern";0,004
"284";"auseinanderfallen";-0,0048
"285";"auseinandersetzen";-0,0584
"286";"auseinandersetzung";-0,0603
"287";"ausfall";-0,2164
"288";"ausfallen";-0,3481
"289";"ausführlich";0,004
"290";"ausgeflippt";0,0756
"291";"ausgeglichen";0,0987
"292";"ausgehungert";-0,0048
"293";"ausgestorben";-0,0389
"294";"ausgewählt";0,004
"295";"ausgeweitet";0,004
"296";"ausgewogen";0,206
"297";"ausgezeichnet";0,3146
"298";"ausgleich";0,004
"299";"ausgleichen";0,004
"300";"ausgleichszahlung";0,004
"301";"ausgleiten";-0,0048
"302";"ausgrenzen";-0,0048
"303";"ausgrenzung";-0,626
"304";"auskommen";0,004
"305";"auskurieren";0,004
"306";"auslöschung";-0,0048
"307";"ausradieren";-0,0048
"308";"ausreichen";0,004
"309";"ausreichend";0,004
"310";"ausrotten";-0,0048
"311";"ausrottung";-0,0048
"312";"ausschalten";-0,0048
"313";"ausschließen";-0,4935
"314";"ausschließung";-0,0048
"315";"außergewöhnlich";0,3395
"316";"außerordentlich";0,1137
"317";"aussetzen";-0,3413
"318";"aussetzung";-0,0048
"319";"aussichtslos";-0,183
"320";"aussichtsreich";0,004
"321";"aussterben";-0,0048
"322";"ausweiten";0,004
"323";"auszeichnen";0,004
"324";"auszeichnung";0,004
"325";"authentisch";0,1885
"326";"authentizität";0,004
"327";"autonom";0,004
"328";"autonomie";0,004
"329";"bahnbrechend";0,004
"330";"banal";-0,3166
"331";"banalität";-0,0048
"332";"bankrott";-0,0048
"333";"barbarisch";-0,3176
"334";"bärenstark";0,004
"335";"barmherzig";0,0744
"336";"barriere";-0,0048
"337";"beachtenswert";0,004
"338";"beachtlich";0,004
"339";"beängstigend";-0,0367
"340";"beanstandet";-0,333
"341";"beauftragen";0,004
"342";"bedarfsgerecht";0,004
"343";"bedarfsorientiert";0,004
"344";"bedarft";0,004
"345";"bedauerlich";-0,0551
"346";"bedauern";-0,0574
"347";"bedauernswert";-0,0048
"348";"bedenken";0,004
"349";"bedenklich";-0,7701
"350";"bedeppert";-0,0048
"351";"bedeuten";0,004
"352";"bedeutend";0,004
"353";"bedeutsam";0,004
"354";"bedeutung";0,004
"355";"bedeutungslos";-0,6046
"356";"bedeutungslosigkeit";-0,0048
"357";"bedrängen";-0,0048
"358";"bedrängung";-0,0048
"359";"bedrohen";-0,3408
"360";"bedrohlich";-0,4726
"361";"bedrohung";-0,0048
"362";"bedrücken";-0,3123
"363";"bedrückt";-0,0494
"364";"bedrückung";-0,0435
"365";"bedürftig";-0,0048
"366";"bedürftige";-0,0048
"367";"beeindrucken";0,2126
"368";"beeindruckend";0,3408
"369";"beeinträchtigen";-0,4979
"370";"beeinträchtigung";-0,3472
"371";"beenden";-0,0603
"372";"befall";-0,0048
"373";"befallen";-0,334
"374";"befangen";-0,3253
"375";"befangenheit";-0,0048
"376";"befördern";0,004
"377";"beförderung";0,004
"378";"befreien";0,004
"379";"befreiung";0,004
"380";"befremdlich";-0,0048
"381";"befriedigen";0,0809
"382";"befriedigend";0,2152
"383";"befriedigung";0,004
"384";"befürchten";-0,3602
"385";"befürchtung";-0,4903
"386";"begehrt";0,004
"387";"begeistern";0,4324
"388";"begeisterung";0,32
"389";"beglückend";0,004
"390";"begnadet";0,004
"391";"begnadigen";0,004
"392";"begnadigung";0,004
"393";"begrenzen";-0,0048
"394";"begrenzt";-0,0048
"395";"begrenzung";-0,0048
"396";"begriffsstutzig";-0,0048
"397";"begünstigen";0,004
"398";"begünstigung";0,004
"399";"behaglich";0,2007
"400";"behämmert";-0,0376
"401";"beheben";0,004
"402";"beheizbar";0,004
"403";"beherrscht";0,4635
"404";"behindern";-0,7748
"405";"behinderung";-0,3578
"406";"behütet";0,004
"407";"behutsam";0,004
"408";"beifall";0,3265
"409";"beifallsruf";0,004
"410";"beilegen";0,004
"411";"beilegung";0,004
"412";"beispielhaft";0,004
"413";"beisteuern";0,004
"414";"beisteuerung";0,004
"415";"beitragen";0,004
"416";"beitreten";0,004
"417";"beitritt";0,004
"418";"bejubelt";0,004
"419";"bekannt";0,004
"420";"bekennend";0,004
"421";"beklagen";-0,4967
"422";"beklagenswert";-0,0048
"423";"bekloppt";-0,0048
"424";"beknackt";-0,0358
"425";"bekräftigen";0,004
"426";"bekräftigung";0,004
"427";"bekümmert";-0,4503
"428";"belanglos";-0,3306
"429";"belastbar";0,004
"430";"belastbarkeit";0,004
"431";"belasten";-0,5078
"432";"belästigen";-0,0048
"433";"belästigung";-0,0048
"434";"belastung";-0,3711
"435";"beleben";0,004
"436";"belebtheit";0,004
"437";"belehrbar";0,004
"438";"beleidigen";-0,6076
"439";"beleidigend";-0,4636
"440";"beleidigt";-0,4848
"441";"beleidigung";-0,3432
"442";"beliebt";0,2172
"443";"beliebtheit";0,004
"444";"belohnen";0,0893
"445";"belohnung";0,0813
"446";"bemerkenswert";0,4515
"447";"benefiz";0,004
"448";"beneidenswert";0,004
"449";"bequem";0,2344
"450";"berauben";-0,0048
"451";"berauschend";0,0809
"452";"bereichern";0,0718
"453";"bereicherung";0,004
"454";"bereit";0,004
"455";"bereitschaft";0,004
"456";"bereitstellen";0,004
"457";"bereitstellung";0,004
"458";"bergab";-0,0048
"459";"beruhigen";0,004
"460";"beruhigend";0,2133
"461";"beruhigung";0,004
"462";"berühmt";0,3267
"463";"beschädigen";-0,335
"464";"beschädigung";-0,0048
"465";"beschäftigungslos";-0,0048
"466";"beschäftigungslose";-0,0048
"467";"beschäftigungsloser";-0,0048
"468";"beschämen";-0,0048
"469";"beschämung";-0,0048
"470";"bescheiden";0,0956
"471";"bescheidenheit";0,0852
"472";"bescheuert";-0,0048
"473";"beschissen";-0,2947
"474";"beschleunigen";0,004
"475";"beschleunigung";0,004
"476";"beschneiden";-0,3293
"477";"beschneidung";-0,3313
"478";"beschränken";-0,0048
"479";"beschränkt";-0,0048
"480";"beschränkung";-0,3518
"481";"beschruppt";-0,0048
"482";"beschuldigen";-0,3264
"483";"beschuldigung";-0,3209
"484";"beschwerde";-0,0048
"485";"beschweren";-0,0413
"486";"beschwerlich";-0,0491
"487";"beschwerlichkeit";-0,0048
"488";"beschwichtigen";0,004
"489";"beschwichtigung";0,004
"490";"beseitigen";-0,0048
"491";"beseitigung";-0,0048
"492";"besitz";0,004
"493";"besitzen";0,004
"494";"besondere";0,004
"495";"besonderer";0,004
"496";"besonders";0,5391
"497";"besonnen";0,004
"498";"besorgnis";-0,0048
"499";"besorgniserregend";-0,3281
"500";"besorgt";-0,0482
"501";"besser";0,004
"502";"bessern";0,004
"503";"besserung";0,004
"504";"bestätigen";0,0854
"505";"bestätigung";0,004
"506";"bestechen";-0,0048
"507";"bestechung";-0,0048
"508";"bestehen";0,004
"509";"besten";0,2291
"510";"bestens";0,0808
"511";"besteuern";-0,0048
"512";"besteuerung";-0,0048
"513";"bestmöglich";0,004
"514";"bestrafen";-0,4811
"515";"bestrafung";-0,0048
"516";"bestürzt";-0,0048
"517";"bestürzung";-0,0048
"518";"betäuben";-0,0048
"519";"beteiligen";0,004
"520";"beteiligung";0,004
"521";"beträchtlich";0,004
"522";"betrug";-0,4913
"523";"betrügen";-0,743
"524";"betrüger";-0,3311
"525";"betrügerisch";-0,3163
"526";"betrunken";-0,172
"527";"beule";-0,0048
"528";"beunruhigen";-0,3221
"529";"beunruhigend";-0,3264
"530";"beunruhigt";-0,4795
"531";"beunruhigung";-0,324
"532";"bevormunden";-0,0048
"533";"bevormundung";-0,0048
"534";"bevorzugt";0,004
"535";"bewährt";0,465
"536";"bewegend";0,004
"537";"bewegungslos";-0,0048
"538";"bewirken";0,004
"539";"bewunderer";0,004
"540";"bewundern";0,004
"541";"bewundernswert";0,0823
"542";"bewundert";0,004
"543";"bewunderung";0,004
"544";"bezaubernd";0,3081
"545";"bildung";0,004
"546";"billig";-0,2842
"547";"bitter";-0,3394
"548";"bitterkeit";-0,0048
"549";"bizarr";-0,0486
"550";"blauäugig";-0,0445
"551";"blendend";0,3096
"552";"blind";-0,1978
"553";"blindheit";-0,0048
"554";"blockade";-0,0048
"555";"blockieren";-0,3459
"556";"blockierung";-0,0048
"557";"blöd";-0,1593
"558";"blöde";-0,3145
"559";"blödheit";-0,0048
"560";"blühen";0,2028
"561";"blüte";0,004
"562";"blutig";-0,0491
"563";"bombardement";-0,0048
"564";"bombardieren";-0,0048
"565";"bombardierung";-0,0048
"566";"bombastisch";0,2053
"567";"bombe";-0,0048
"568";"bombig";0,0837
"569";"bonität";0,004
"570";"bonus";0,004
"571";"boom";0,004
"572";"boomen";0,004
"573";"borniert";-0,0048
"574";"bösartig";-0,4715
"575";"bösartigkeit";-0,3189
"576";"böse";-0,4183
"577";"bösewicht";-0,0048
"578";"boshaft";-0,3187
"579";"bosheit";-0,3371
"580";"brand";-0,0048
"581";"brandneu";0,004
"582";"bravourös";0,004
"583";"brechen";-0,7991
"584";"breitgefächert";0,004
"585";"brennen";-0,0048
"586";"brillant";0,3064
"587";"brillanz";0,004
"588";"brilliant";0,183
"589";"brillieren";0,004
"590";"brisant";-0,0048
"591";"brüchig";-0,3331
"592";"bruch";-0,3463
"593";"brüderlich";0,004
"594";"brüderlichkeit";0,004
"595";"brutalität";-0,0048
"596";"brutal";-0,0048
"597";"bündnis";0,004
"598";"bund";0,004
"599";"bunt";0,3507
"600";"bürde";-0,0524
"601";"bußgeld";-0,3377
"602";"champion";0,004
"603";"chaos";-0,3489
"604";"chaotisch";-0,0426
"605";"charakterschwach";-0,0048
"606";"charakterstark";0,004
"607";"charisma";0,004
"608";"charismatisch";0,004
"609";"charmant";0,3223
"610";"charme";0,004
"611";"chic";0,0787
"612";"clever";0,2243
"613";"cleverness";0,004
"614";"comeback";0,0712
"615";"cool";0,004
"616";"crash";-0,1885
"617";"dahinschwinden";-0,0048
"618";"dämlich";-0,048
"619";"dämpfen";-0,0411
"620";"dämpfer";-0,0048
"621";"dankbar";0,0854
"622";"dankbarkeit";0,004
"623";"danken";0,191
"624";"dauerhaft";0,205
"625";"debil";-0,306
"626";"defekt";-0,1754
"627";"defizit";-0,347
"628";"defizitär";-0,4535
"629";"deformation";-0,0048
"630";"deformieren";-0,0048
"631";"degradieren";-0,0048
"632";"degradierung";-0,3137
"633";"deinstallieren";-0,0048
"634";"deinstalliert";-0,0048
"635";"dekadent";-0,1769
"636";"dekadenz";-0,0048
"637";"demütigen";-0,0048
"638";"demütigung";-0,0048
"639";"denkfaul";-0,0048
"640";"denkfehler";-0,0048
"641";"denkwürdig";0,004
"642";"depression";-0,4951
"643";"depressiv";-0,4715
"644";"desaster";-0,3413
"645";"desinteresse";-0,3348
"646";"desinteressiert";-0,0048
"647";"desolat";-0,0048
"648";"destruktiv";-0,1936
"649";"detailliert";0,004
"650";"dezimieren";-0,0048
"651";"dezimierung";-0,0048
"652";"dieb";-0,1962
"653";"diebstahl";-0,3505
"654";"dienlich";0,004
"655";"diffamieren";-0,0048
"656";"diffamierung";-0,4591
"657";"diffizil";-0,0048
"658";"diffus";-0,331
"659";"diktator";-0,0048
"660";"diktatorisch";-0,0048
"661";"dilemma";-0,3403
"662";"dilettantisch";-0,0048
"663";"diplomatisch";0,004
"664";"diskreditieren";-0,323
"665";"diskret";0,004
"666";"diskretion";0,004
"667";"diskriminierung";-0,0048
"668";"dissens";-0,0048
"669";"distanziert";-0,0048
"670";"disziplin";0,0611
"671";"diszipliniert";0,004
"672";"disziplinlos";-0,0048
"673";"dominieren";-0,0048
"674";"dominierung";-0,0048
"675";"doof";-0,1562
"676";"doppeldeutigkeit";-0,0048
"677";"doppelspiel";-0,0048
"678";"dramatisch";-0,3656
"679";"drängelnd";-0,0048
"680";"drängen";-0,3516
"681";"drastisch";-0,351
"682";"dreck";-0,0048
"683";"dreckig";-0,016
"684";"dreist";-0,4457
"685";"drift";-0,0048
"686";"driften";-0,0048
"687";"drohen";-0,3503
"688";"drohung";-0,0048
"689";"drosseln";-0,0048
"690";"drosselung";-0,3178
"691";"duft";0,2149
"692";"dufte";0,1958
"693";"duften";0,2132
"694";"dumm";-0,5901
"695";"dummheit";-0,4877
"696";"dummkopf";-0,0048
"697";"dunkel";-0,0214
"698";"dunkelheit";-0,3547
"699";"durchdacht";0,2131
"700";"durcheinander";-0,0048
"701";"durchfallen";-0,1801
"702";"durchhalten";0,004
"703";"durchschlagend";0,004
"704";"dürr";-0,0048
"705";"dürre";-0,0048
"706";"dussel";-0,3094
"707";"dusselig";-0,0409
"708";"düster";-0,0187
"709";"düsternis";-0,0048
"710";"dynamik";0,004
"711";"dynamisch";0,004
"712";"echtheit";0,004
"713";"edel";0,2235
"714";"effektiv";0,0971
"715";"effektvoll";0,004
"716";"effizient";0,004
"717";"effizienz";0,004
"718";"egoist";-0,3179
"719";"egoistisch";-0,3254
"720";"ehebrechen";-0,3128
"721";"ehebruch";-0,4743
"722";"ehre";0,0732
"723";"ehren";0,0612
"724";"ehrenwert";0,004
"725";"ehrfurcht";0,004
"726";"ehrfürchtig";0,004
"727";"ehrgeizig";0,2076
"728";"ehrlich";0,1212
"729";"ehrlichkeit";0,004
"730";"ehrwürdig";0,004
"731";"ehrwürdigkeit";0,004
"732";"eifer";0,004
"733";"eifern";0,004
"734";"eifrig";0,004
"735";"eigenartig";-0,0048
"736";"eigenkapital";0,004
"737";"eignen";0,1006
"738";"eignung";0,004
"739";"einbehalten";-0,0048
"740";"einbrechen";-0,0048
"741";"einbrecher";-0,0048
"742";"einbruch";-0,3498
"743";"einbuße";-0,0048
"744";"eindeutig";0,004
"745";"eindeutigkeit";0,004
"746";"eindrucksvoll";0,3001
"747";"einfach";0,004
"748";"einfallsreich";0,2031
"749";"einfallsreichtum";0,004
"750";"einfältig";-0,1858
"751";"einflußreich";0,004
"752";"eingehen";-0,0048
"753";"eingeschränkt";-0,0048
"754";"einhalten";0,004
"755";"einhaltung";0,004
"756";"einheit";0,004
"757";"einheitlich";0,004
"758";"einheitlichkeit";0,004
"759";"einkauf";0,004
"760";"einkaufen";0,2249
"761";"einmalig";0,3137
"762";"einnahme";0,004
"763";"einnehmen";0,004
"764";"einsam";-0,1634
"765";"einsamkeit";-0,339
"766";"einschlag";-0,0048
"767";"einschlagen";-0,0048
"768";"einschränken";-0,3327
"769";"einschränkung";-0,2048
"770";"einschrumpfen";-0,0048
"771";"einschüchtern";-0,0048
"772";"einschüchternd";-0,0048
"773";"einschüchterung";-0,0048
"774";"einsinken";-0,0366
"775";"einsparen";0,004
"776";"einsparung";0,004
"777";"einstellen";-0,0048
"778";"einsturz";-0,0048
"779";"einstürzen";-0,0048
"780";"eintönig";-0,0378
"781";"einträglich";0,004
"782";"einwandfrei";0,0949
"783";"einweihen";0,004
"784";"einweihung";0,004
"785";"einzigartig";0,3078
"786";"einzigartigkeit";0,004
"787";"ekel";-0,462
"788";"ekelerregend";-0,0413
"789";"ekelig";-0,0048
"790";"eklatant";-0,0048
"791";"elegant";0,2115
"792";"eleganz";0,004
"793";"elend";-0,1266
"794";"elendig";-0,0048
"795";"empathie";0,004
"796";"empathisch";0,004
"797";"empfehlen";0,004
"798";"empfehlenswert";0,093
"799";"empfehlung";0,004
"800";"empören";-0,0048
"801";"empörung";-0,0048
"802";"ende";-0,2088
"803";"energielos";-0,3037
"804";"energielosigkeit";-0,0048
"805";"energisch";0,004
"806";"engagement";0,2157
"807";"engagieren";0,004
"808";"engagiert";0,0869
"809";"engstirnig";-0,3199
"810";"enorm";0,0898
"811";"entbehrungsreich";-0,0048
"812";"entbinden";-0,0048
"813";"entbindung";-0,0048
"814";"entfremden";-0,0048
"815";"entfremdung";-0,0048
"816";"entführen";-0,0048
"817";"entführung";-0,0048
"818";"entgleiten";-0,0048
"819";"enthaupten";-0,0048
"820";"enthauptung";-0,0048
"821";"enthusiastisch";0,004
"822";"entkräftet";-0,0048
"823";"entlassen";-0,0048
"824";"entlassung";-0,0048
"825";"entlasten";0,004
"826";"entlastung";0,004
"827";"entlohnen";0,004
"828";"entlohnung";0,004
"829";"entmutigen";-0,0048
"830";"entmutigung";-0,0048
"831";"entnervt";-0,0048
"832";"enträtseln";0,004
"833";"entrüstet";-0,0048
"834";"entschädigen";0,004
"835";"entschädigung";0,004
"836";"entschlossen";0,004
"837";"entschluß";0,0804
"838";"entschlüsseln";0,004
"839";"entschlüsselung";0,004
"840";"entschwinden";-0,1827
"841";"entsetzlich";-0,477
"842";"entspannen";0,2406
"843";"entspannung";0,0875
"844";"enttäuschen";-0,0586
"845";"enttäuschend";-0,0425
"846";"enttäuscht";-0,3129
"847";"enttäuschung";-0,3378
"848";"entwirren";0,004
"849";"entwirrung";0,004
"850";"entwürdigend";-0,3132
"851";"entziehen";-0,0048
"852";"entziehung";-0,0048
"853";"entzückend";0,0844
"854";"epidemie";-0,0048
"855";"epochal";0,004
"856";"erarbeiten";0,004
"857";"erbärmlich";-0,4796
"858";"erbe";0,004
"859";"erben";0,004
"860";"erbittert";-0,0048
"861";"erbost";-0,3293
"862";"erbrechen";-0,3308
"863";"erdrückend";-0,0048
"864";"erfahren";0,0927
"865";"erfahrung";0,004
"866";"erfolg";0,3446
"867";"erfolgreich";0,2193
"868";"erfolgserlebnis";0,0884
"869";"erfreuen";0,2112
"870";"erfreulich";0,2197
"871";"erfreulicher";0,004
"872";"erfrischend";0,2227
"873";"erfüllen";0,004
"874";"erfüllung";0,004
"875";"ergänzen";0,2074
"876";"ergänzung";0,004
"877";"ergaunern";-0,0048
"878";"ergebnislos";-0,0048
"879";"ergebnisreich";0,004
"880";"ergiebig";0,004
"881";"ergiebigkeit";0,004
"882";"erhalten";0,004
"883";"erhältlich";0,004
"884";"erhaltung";0,004
"885";"erhebend";0,004
"886";"erheblich";0,004
"887";"erhöhen";0,004
"888";"erhöhung";0,004
"889";"erholen";0,2357
"890";"erholsam";0,2188
"891";"erholung";0,0865
"892";"erkennbar";0,004
"893";"erklärt";0,004
"894";"erklimmen";0,004
"895";"erlauben";0,004
"896";"erlaubnis";0,004
"897";"erleichtern";0,004
"898";"erleichterung";0,004
"899";"erleiden";-0,3494
"900";"erleuchten";0,004
"901";"erleuchtung";0,004
"902";"erliegen";-0,3296
"903";"erlösen";0,004
"904";"erlösung";0,004
"905";"ermahnen";-0,0048
"906";"ermahnung";-0,0048
"907";"ermöglichen";0,004
"908";"ermorden";-0,3292
"909";"ermordung";-0,332
"910";"ermüden";-0,0048
"911";"ermüdung";-0,0048
"912";"ermunternd";0,004
"913";"ermutigen";0,004
"914";"ermutigend";0,0735
"915";"ermutigung";0,004
"916";"erneuern";0,004
"917";"erneuerung";0,004
"918";"erniedrigen";-0,0048
"919";"erniedrigung";-0,3259
"920";"ernsthaft";0,004
"921";"ernsthaftigkeit";0,004
"922";"ernüchternd";-0,0048
"923";"ernüchterung";-0,0048
"924";"erosion";-0,0666
"925";"erpressen";-0,0048
"926";"erpressung";-0,0048
"927";"erreichen";0,004
"928";"erschaffen";0,004
"929";"erschießen";-0,3317
"930";"erschlaffen";-0,0048
"931";"erschlagen";-0,3442
"932";"erschlossen";0,004
"933";"erschöpfen";-0,0048
"934";"erschöpft";-0,0377
"935";"erschöpfung";-0,0595
"936";"erschrecken";-0,1812
"937";"erschreckend";-0,0544
"938";"erschüttern";-0,0048
"939";"erschütternd";-0,0472
"940";"erschüttert";-0,0048
"941";"erschütterung";-0,0048
"942";"erschweren";-0,4891
"943";"ersparnis";0,004
"944";"ersprießlich";0,004
"945";"erstaunen";0,004
"946";"erstaunlich";0,004
"947";"erstechen";-0,3078
"948";"ersticken";-0,3291
"949";"erstklassig";0,1967
"950";"erstrangig";0,004
"951";"erstrebenswert";0,0765
"952";"ertrag";0,004
"953";"ertragreich";0,004
"954";"ertrinken";-0,0048
"955";"erweitern";0,004
"956";"erweitert";0,004
"957";"erweiterung";0,004
"958";"erwünscht";0,004
"959";"erwürgen";-0,0048
"960";"erzeugen";0,004
"961";"erzeugnis";0,004
"962";"erzielen";0,004
"963";"erzürnt";-0,3221
"964";"etabliert";0,004
"965";"euphorisch";0,5505
"966";"exakt";0,004
"967";"existenzbedrohend";-0,0048
"968";"exklusiv";0,004
"969";"exorbitant";0,004
"970";"exotisch";0,1944
"971";"experte";0,004
"972";"expertise";0,004
"973";"explodieren";-0,0048
"974";"explosion";-0,0048
"975";"explosiv";0,004
"976";"exponiert";0,004
"977";"exquisit";0,004
"978";"extravagant";0,004
"979";"exzellent";0,4198
"980";"exzellenz";0,004
"981";"fabelhaft";0,1952
"982";"fad";-0,0048
"983";"fadenscheinig";-0,0048
"984";"fähig";0,004
"985";"fähigkeit";0,0892
"986";"fahrlässig";-0,3487
"987";"fahrlässigkeit";-0,0048
"988";"fair";0,3281
"989";"fairness";0,004
"990";"fallen";-0,2153
"991";"falsch";-0,7618
"992";"fälschen";-0,0048
"993";"fälschung";-0,3377
"994";"famos";0,2018
"995";"fantasievoll";0,004
"996";"fantastisch";0,3319
"997";"farblos";-0,0048
"998";"farce";-0,3349
"999";"faschist";-0,0048
"1000";"faschistisch";-0,4477
"1001";"faszination";0,004
"1002";"faszinieren";0,0663
"1003";"faszinierend";0,3037
"1004";"fatal";-0,345
"1005";"faul";-0,035
"1006";"faulheit";-0,611
"1007";"favorisieren";0,004
"1008";"favorit";0,004
"1009";"fehde";-0,0048
"1010";"fehlanzeige";-0,0048
"1011";"fehlen";-0,5365
"1012";"fehler";-0,6752
"1013";"fehleranfällig";-0,0048
"1014";"fehlerfrei";0,004
"1015";"fehlerhaft";-0,3581
"1016";"fehlermeldung";-0,4765
"1017";"fehlkauf";-0,0048
"1018";"fehlkonstruktion";-0,0048
"1019";"fehlleistung";-0,0048
"1020";"fehltritt";-0,0048
"1021";"fehlverhalten";-0,3461
"1022";"feier";0,0829
"1023";"feiern";0,494
"1024";"feige";-0,4649
"1025";"fein";0,4734
"1026";"feind";-0,8054
"1027";"feindlich";-0,4723
"1028";"feindselig";-0,4579
"1029";"fertig";0,3757
"1030";"fertigen";0,004
"1031";"fertigkeit";0,004
"1032";"fesch";0,0806
"1033";"fesseln";-0,0048
"1034";"fesselnd";0,004
"1035";"fest";0,2346
"1036";"festakt";0,004
"1037";"festigkeit";0,004
"1038";"festlich";0,2021
"1039";"festlichkeit";0,004
"1040";"feuer";-0,0445
"1041";"feuern";-0,0048
"1042";"fiasko";-0,0048
"1043";"fidel";0,004
"1044";"fies";-0,305
"1045";"finanzieren";0,004
"1046";"finanzierung";0,004
"1047";"finanzkrise";-0,3283
"1048";"findig";0,004
"1049";"finster";-0,0515
"1050";"finte";-0,0048
"1051";"fit";0,3686
"1052";"fitness";0,0851
"1053";"flach";-0,0048
"1054";"flair";0,2216
"1055";"flau";-0,0048
"1056";"flaute";-0,0413
"1057";"fleiß";0,3113
"1058";"fleißig";0,3571
"1059";"flexibel";0,004
"1060";"flexibilität";0,004
"1061";"flink";0,0878
"1062";"florieren";0,004
"1063";"flott";0,3394
"1064";"flüchtend";-0,0048
"1065";"flüchtig";-0,0048
"1066";"flüchtiger";-0,0048
"1067";"flüchtigkeit";-0,0048
"1068";"flüchtling";-0,0048
"1069";"fluch";-0,3534
"1070";"flucht";-0,0048
"1071";"flüssig";0,2229
"1072";"folgenschwer";-0,0048
"1073";"folgewidrig";-0,0048
"1074";"fördern";0,004
"1075";"förderung";0,0829
"1076";"formvollendet";0,004
"1077";"fortdauernd";0,004
"1078";"fortschreiten";0,004
"1079";"fortschritt";0,004
"1080";"fragil";-0,0422
"1081";"fraglich";-0,0576
"1082";"fragwürdig";-0,4858
"1083";"frech";-0,0048
"1084";"frechheit";-0,4665
"1085";"frei";0,004
"1086";"freiheit";0,004
"1087";"freikommen";0,004
"1088";"freisprechen";0,004
"1089";"freispruch";0,004
"1090";"freiwillig";0,004
"1091";"fremd";-0,4939
"1092";"fremdartig";-0,0419
"1093";"freude";0,6502
"1094";"freudig";0,3256
"1095";"freudlos";-0,0048
"1096";"freuen";0,2198
"1097";"freund";0,0116
"1098";"freundlich";0,6022
"1099";"freundlichkeit";0,0913
"1100";"freundschaft";0,2059
"1101";"freundschaftlich";0,004
"1102";"frieden";0,004
"1103";"friedlich";0,0924
"1104";"friedvoll";0,0908
"1105";"frivol";-0,0412
"1106";"fröhlich";0,2501
"1107";"froh";0,1364
"1108";"frohlocken";0,004
"1109";"fruchtbar";0,0878
"1110";"fruchtbarkeit";0,004
"1111";"fruchtlos";-0,0048
"1112";"frust";-0,469
"1113";"frustration";-0,3354
"1114";"frustrieren";-0,0372
"1115";"frustrierend";-0,0048
"1116";"frustriert";-0,3244
"1117";"fuchsteufelswild";-0,0048
"1118";"führen";0,004
"1119";"führend";0,004
"1120";"führung";0,004
"1121";"fülle";0,004
"1122";"füllen";0,004
"1123";"fulminant";0,004
"1124";"funkeln";0,004
"1125";"funktionieren";0,004
"1126";"funktionierend";0,2022
"1127";"funktionsfähig";0,004
"1128";"funktionsfähigkeit";0,004
"1129";"furcht";-0,5012
"1130";"furchtbar";-0,3042
"1131";"fürchten";-0,3545
"1132";"fürchterlich";-0,3363
"1133";"furchterregend";-0,1778
"1134";"furchtlos";0,004
"1135";"furchtlosigkeit";0,004
"1136";"gabe";0,0747
"1137";"galant";0,004
"1138";"gallig";-0,3005
"1139";"gammelig";-0,0344
"1140";"gammeln";-0,0411
"1141";"gammler";-0,0048
"1142";"gammlig";-0,0048
"1143";"gangster";-0,3375
"1144";"garantie";0,004
"1145";"garantiert";0,004
"1146";"garnichts";-0,0048
"1147";"garstig";-0,0425
"1148";"gastfreundlich";0,0854
"1149";"gastfreundlichkeit";0,004
"1150";"gauner";-0,4592
"1151";"geärgert";-0,1846
"1152";"geblitzt";-0,0435
"1153";"gebrechen";-0,3251
"1154";"gebrechlich";-0,0048
"1155";"gedankenlos";-0,0048
"1156";"gedeihen";0,2166
"1157";"gedeihlich";0,004
"1158";"gedenken";0,004
"1159";"gediegen";0,0831
"1160";"gedränge";-0,0571
"1161";"gedrängt";-0,0048
"1162";"geduld";0,0789
"1163";"geduldig";0,3342
"1164";"geeignet";0,0974
"1165";"gefahr";-1
"1166";"gefährden";-0,5006
"1167";"gefährdung";-0,0048
"1168";"gefährlich";-0,6366
"1169";"gefallen";0,29635
"1170";"gefecht";-0,3373
"1171";"gefeiert";0,3403
"1172";"gefesselt";0,004
"1173";"gefestigt";0,004
"1174";"gefragt";0,004
"1175";"geglückt";0,004
"1176";"gegner";-0,344
"1177";"gehaltszulage";0,004
"1178";"gehandicapt";-0,0048
"1179";"gehässig";-0,1821
"1180";"gehörig";0,004
"1181";"gehorsam";0,004
"1182";"geil";0,004
"1183";"geisteskrank";-0,0048
"1184";"geisteskrankheit";-0,0048
"1185";"geistlos";-0,0048
"1186";"geistlosigkeit";-0,0048
"1187";"geiz";-0,0048
"1188";"geizhals";-0,0048
"1189";"geizkragen";-0,0048
"1190";"gekränkt";-0,453
"1191";"gelähmt";-0,3308
"1192";"gelassen";0,2325
"1193";"gelassenheit";0,0721
"1194";"geldgeber";0,004
"1195";"geldstrafe";-0,3299
"1196";"geliebt";0,2315
"1197";"gelohnt";0,5859
"1198";"gelungen";1
"1199";"gemein";-0,7203
"1200";"gemeinsam";0,004
"1201";"gemeinschaft";0,004
"1202";"gemeinschaftlich";0,004
"1203";"gemütlich";0,368
"1204";"genau";0,004
"1205";"genauigkeit";0,004
"1206";"genehm";0,004
"1207";"genehmigen";0,004
"1208";"genehmigung";0,004
"1209";"genervt";-0,0237
"1210";"genesen";0,004
"1211";"genesung";0,004
"1212";"genial";0,2156
"1213";"genialität";0,004
"1214";"genie";0,0697
"1215";"genießbar";0,004
"1216";"genießen";0,4983
"1217";"genügend";0,1019
"1218";"genuss";0,0701
"1219";"genuß";0,073
"1220";"geordnet";0,0936
"1221";"gepflegt";0,3499
"1222";"geräumig";0,1008
"1223";"geräumigkeit";0,004
"1224";"gerecht";0,004
"1225";"gerechtfertigt";0,004
"1226";"gerechtigkeit";0,004
"1227";"gering";-0,6621
"1228";"geringwertig";-0,0048
"1229";"gerührt";0,446
"1230";"geruhsam";0,0769
"1231";"geschäftig";0,004
"1232";"geschäftsauflösung";-0,0048
"1233";"geschätzt";0,004
"1234";"geschenk";0,4792
"1235";"geschick";0,004
"1236";"geschicklichkeit";0,004
"1237";"geschickt";0,004
"1238";"geschmacklos";-0,3212
"1239";"geschmacklosigkeit";-0,0048
"1240";"geschmackvoll";0,2116
"1241";"gestank";-0,0048
"1242";"gesteigert";0,004
"1243";"gestiegen";0,004
"1244";"gestreßt";-0,3128
"1245";"gesund";0,1554
"1246";"gesundheit";0,004
"1247";"gesundung";0,004
"1248";"getreu";0,004
"1249";"gewachsen";0,1201
"1250";"gewährleisten";0,004
"1251";"gewährleistung";0,004
"1252";"gewalt";-0,5363
"1253";"gewaltfrei";0,004
"1254";"gewaltig";0,004
"1255";"gewaltsam";-0,0048
"1256";"gewalttätig";-0,3409
"1257";"gewalttätige";-0,0048
"1258";"gewalttätiger";-0,0048
"1259";"gewichtig";0,004
"1260";"gewinn";0,004
"1261";"gewinnbringend";0,004
"1262";"gewinnen";0,004
"1263";"gewinner";0,004
"1264";"gewissenhaft";0,004
"1265";"gewünscht";0,004
"1266";"gezielt";0,004
"1267";"gift";-0,3505
"1268";"giftig";-0,3378
"1269";"gigantisch";0,5459
"1270";"glamour";0,004
"1271";"glamourös";0,004
"1272";"glänzen";0,3397
"1273";"glänzend";0,2082
"1274";"glanz";0,004
"1275";"glanzlos";-0,3133
"1276";"glanzlosigkeit";-0,0048
"1277";"glanzvoll";0,004
"1278";"glasklar";0,004
"1279";"glatt";0,1099
"1280";"glaube";0,004
"1281";"glaubwürdig";0,0893
"1282";"glaubwürdigkeit";0,004
"1283";"gleichgültig";-0,3436
"1284";"gleichgültigkeit";-0,343
"1285";"gleichstellen";0,004
"1286";"gleichstellung";0,004
"1287";"gleichwertig";0,004
"1288";"glorios";0,004
"1289";"glorreich";0,004
"1290";"glück";0,2452
"1291";"glücklich";0,115
"1292";"glücklos";-0,3147
"1293";"glücklosigkeit";-0,0048
"1294";"glückseligkeit";0,004
"1295";"glückwunsch";0,2193
"1296";"glühend";0,004
"1297";"gnade";0,004
"1298";"gnadenlos";-0,6033
"1299";"gnadenlosigkeit";-0,0048
"1300";"gnädig";0,004
"1301";"golden";0,004
"1302";"goldig";0,1991
"1303";"gönnen";0,3387
"1304";"gönner";0,004
"1305";"gönnerschaft";0,004
"1306";"göttlich";0,004
"1307";"grandios";0,1843
"1308";"grässlich";-0,0395
"1309";"gräßlich";-0,4529
"1310";"gratulation";0,428
"1311";"gratulieren";0,065
"1312";"grau";-0,336
"1313";"grauen";-0,0048
"1314";"grauenhaft";-0,184
"1315";"grauenvoll";-0,3238
"1316";"grausam";-0,625
"1317";"grausamkeit";-0,3348
"1318";"grausig";-0,1777
"1319";"gravierend";0,004
"1320";"greifbar";0,0886
"1321";"grenzdebil";-0,0048
"1322";"grenzenlos";0,004
"1323";"grenzenlosigkeit";0,004
"1324";"grimmig";-0,3295
"1325";"grob";-0,3495
"1326";"groggy";-0,0048
"1327";"groll";-0,6021
"1328";"groß";0,3694
"1329";"großartig";0,4606
"1330";"größe";0,004
"1331";"großspurig";0,004
"1332";"größtmöglich";0,004
"1333";"großzügig";0,2077
"1334";"großzügigigkeit";0,004
"1335";"grotesk";-0,3318
"1336";"groteske";-0,0048
"1337";"grottenschlecht";-0,3089
"1338";"grottenübel";-0,0048
"1339";"grundlegend";0,004
"1340";"gründlich";0,004
"1341";"gründlichkeit";0,004
"1342";"grundsätzlich";0,004
"1343";"gruselig";-0,0048
"1344";"gültig";0,004
"1345";"gültigkeit";0,004
"1346";"gunst";0,004
"1347";"günstig";0,0946
"1348";"gütlich";0,004
"1349";"gut";0,3716
"1350";"güte";0,004
"1351";"gutgehend";0,004
"1352";"gütig";0,004
"1353";"haarig";-0,0351
"1354";"haarsträubend";-0,4637
"1355";"habgier";-0,0532
"1356";"habgierig";-0,3059
"1357";"haft";-0,0048
"1358";"halbfertig";-0,0048
"1359";"hämisch";-0,3198
"1360";"hammer";0,004
"1361";"handfest";0,004
"1362";"handgemenge";-0,3174
"1363";"handicap";-0,0426
"1364";"handlich";0,2025
"1365";"happig";-0,0256
"1366";"harmonie";0,0795
"1367";"harmonisch";0,3489
"1368";"harmonisieren";0,0828
"1369";"harmonisierung";0,004
"1370";"harsch";-0,0048
"1371";"härte";-0,0446
"1372";"hartnäckig";-0,0958
"1373";"hartnäckigkeit";0,004
"1374";"hart";-0,1483
"1375";"hass";-0,5014
"1376";"hassen";-0,054
"1377";"hässlich";-0,4387
"1378";"hauptsächlich";0,004
"1379";"heben";0,2219
"1380";"heftig";-0,1819
"1381";"heikel";-0,0048
"1382";"heil";0,3414
"1383";"heilen";0,004
"1384";"heilig";0,0727
"1385";"heiligtum";0,004
"1386";"heillos";-0,0048
"1387";"heilsam";0,2007
"1388";"heilung";0,004
"1389";"heimsuchen";-0,3228
"1390";"heimsuchung";-0,0048
"1391";"heimtückisch";-0,3241
"1392";"heimzahlen";-0,0371
"1393";"heirat";0,004
"1394";"heiraten";0,004
"1395";"heiß";0,3557
"1396";"heiter";0,2013
"1397";"heiterkeit";0,004
"1398";"hektik";-0,0048
"1399";"hektisch";-0,0396
"1400";"helfen";0,373
"1401";"hell";0,235
"1402";"helligkeit";0,004
"1403";"hemmen";-0,1953
"1404";"hemmung";-0,0048
"1405";"herabsetzen";-0,3199
"1406";"heranwachsen";0,0867
"1407";"heraufsetzen";0,004
"1408";"herausfordern";-0,0048
"1409";"herausforderung";-0,0048
"1410";"herausgehoben";0,004
"1411";"herausragen";0,004
"1412";"herrisch";-0,0426
"1413";"herrlich";0,4821
"1414";"herrlichkeit";0,004
"1415";"herrschaftlich";0,004
"1416";"herunter";-0,0048
"1417";"heruntermachen";-0,0048
"1418";"hervorragend";0,5891
"1419";"herzig";0,004
"1420";"herzlich";0,004
"1421";"herzlos";-0,3157
"1422";"heuchelei";-0,0048
"1423";"heucheln";-0,0048
"1424";"heuchler";-0,3251
"1425";"heuchlerisch";-0,4544
"1426";"highlight";0,004
"1427";"hilfe";0,004
"1428";"hilflos";-0,4827
"1429";"hilflosigkeit";-0,3394
"1430";"hilfreich";0,0926
"1431";"hilfsbereit";0,3377
"1432";"hilfsbereitschaft";0,004
"1433";"himmlisch";0,2088
"1434";"hinausgehend";0,004
"1435";"hindernis";-0,0048
"1436";"hinfällig";-0,3336
"1437";"hingabe";0,004
"1438";"hingeben";0,0762
"1439";"hinhauen";0,004
"1440";"hinreichend";0,004
"1441";"hinreißend";0,0841
"1442";"hinterhalt";-0,0048
"1443";"hinterlassen";0,004
"1444";"hinterlist";-0,0048
"1445";"hinterlistig";-0,3187
"1446";"hinzufügen";0,004
"1447";"hinzunehmen";0,004
"1448";"historisch";0,004
"1449";"hoch";0,004
"1450";"hochattraktiv";0,004
"1451";"hochdruckgebiet";0,004
"1452";"hochgestellt";0,004
"1453";"hochgradig";0,004
"1454";"hochhalten";0,004
"1455";"hochheben";0,004
"1456";"hochkarätig";0,004
"1457";"hochklassig";0,004
"1458";"hochrangig";0,004
"1459";"hochruf";0,004
"1460";"höchstmöglich";0,004
"1461";"hochtrabend";-0,3086
"1462";"hochtreibend";0,004
"1463";"hochwertig";0,0849
"1464";"hochwertigkeit";0,004
"1465";"hoffen";0,2318
"1466";"hoffnung";0,2038
"1467";"hoffnungsfroh";0,004
"1468";"hoffnungslos";-0,3412
"1469";"hoffnungsvoll";0,1853
"1470";"höflich";0,004
"1471";"höflichkeit";0,004
"1472";"höhepunkt";0,004
"1473";"höhnisch";-0,0525
"1474";"hohn";-0,0048
"1475";"hölle";-0,5052
"1476";"hörenswert";0,004
"1477";"horror";-0,0509
"1478";"hübsch";0,4629
"1479";"human";0,004
"1480";"humanitär";0,004
"1481";"humanität";0,004
"1482";"humor";0,3296
"1483";"humorvoll";0,317
"1484";"hundertprozentig";0,0796
"1485";"hunger";-0,3531
"1486";"hungern";-0,0565
"1487";"hungersnot";-0,4739
"1488";"hungertod";-0,0048
"1489";"hungrig";-0,0048
"1490";"hurra";0,004
"1491";"hurrageschrei";0,004
"1492";"hysterie";-0,3386
"1493";"hysterisch";-0,0465
"1494";"ideal";0,0937
"1495";"idiot";-0,0048
"1496";"idiotisch";-0,0048
"1497";"idyllisch";0,004
"1498";"illegal";-0,3479
"1499";"illegalität";-0,0048
"1500";"illoyal";-0,0048
"1501";"illustre";0,004
"1502";"immens";0,004
"1503";"immobil";-0,0048
"1504";"immobilität";-0,0048
"1505";"imponierend";0,004
"1506";"imposant";0,004
"1507";"inbrünstig";0,004
"1508";"individualität";0,004
"1509";"individuell";0,004
"1510";"ineffizient";-0,4602
"1511";"ineffizienz";-0,0048
"1512";"infektion";-0,2059
"1513";"infiltration";-0,0048
"1514";"infiltrieren";-0,0048
"1515";"inflation";-0,3462
"1516";"ingeniös";0,004
"1517";"inkompetent";-0,5935
"1518";"inkompetenz";-0,0048
"1519";"inkonsequent";-0,1844
"1520";"inkonsequenz";-0,0455
"1521";"inkonsistent";-0,0048
"1522";"inkonsistenz";-0,3097
"1523";"inkorrekt";-0,3167
"1524";"innovation";0,004
"1525";"innovativ";0,3302
"1526";"inspiration";0,004
"1527";"inspirieren";0,004
"1528";"inspirierend";0,0786
"1529";"instabil";-0,3352
"1530";"instabilität";-0,3358
"1531";"intakt";0,004
"1532";"integer";0,004
"1533";"integrieren";0,0908
"1534";"integrität";0,004
"1535";"intellekt";0,004
"1536";"intelligent";0,1238
"1537";"intelligenz";0,004
"1538";"intensiv";0,004
"1539";"interessant";0,2488
"1540";"interesse";0,004
"1541";"interessenvertretung";0,004
"1542";"interessieren";0,004
"1543";"interessiert";0,004
"1544";"intervenieren";-0,0048
"1545";"intervention";-0,1975
"1546";"intolerant";-0,3215
"1547";"invasion";-0,0048
"1548";"investieren";0,004
"1549";"investition";0,004
"1550";"irrational";-0,3277
"1551";"irre";-0,0048
"1552";"irrsinnig";-0,0048
"1553";"isolation";-0,3453
"1554";"isolieren";-0,0388
"1555";"jähzorn";-0,0048
"1556";"jähzornig";-0,3089
"1557";"jammer";-0,4613
"1558";"jammern";-0,0504
"1559";"jubel";0,0652
"1560";"jubeln";0,0756
"1561";"jubiläum";0,004
"1562";"kacke";-0,171
"1563";"kahl";-0,0472
"1564";"kälte";-0,0048
"1565";"kalt";-0,012
"1566";"kaltherzig";-0,0048
"1567";"kämpfen";-0,3467
"1568";"kampf";-0,5372
"1569";"kapitalverbrechen";-0,0048
"1570";"kapitulation";-0,0048
"1571";"kapitulieren";-0,0048
"1572";"kaputt";-0,1513
"1573";"katastrophal";-0,4917
"1574";"katastrophe";-0,5027
"1575";"kauf";0,004
"1576";"keim";-0,0048
"1577";"keimig";-0,0048
"1578";"kentern";-0,0048
"1579";"kinderleicht";0,004
"1580";"kippen";-0,1814
"1581";"klage";-0,0048
"1582";"klagen";-0,3565
"1583";"kläger";-0,3673
"1584";"klaglos";0,004
"1585";"klären";0,004
"1586";"klar";0,004
"1587";"klarheit";0,004
"1588";"klasse";0,3474
"1589";"klassisch";0,004
"1590";"klein";-0,2715
"1591";"klettern";0,457
"1592";"klimatisiert";0,004
"1593";"klischee";-0,48
"1594";"klobig";-0,0373
"1595";"klug";0,3532
"1596";"knapp";-0,2036
"1597";"knappheit";-0,0048
"1598";"knorke";0,004
"1599";"knuddelig";0,2086
"1600";"knuffig";0,0974
"1601";"knurrig";-0,0048
"1602";"kollabieren";-0,0048
"1603";"kollaps";-0,0048
"1604";"kollegial";0,0809
"1605";"kollidieren";-0,0048
"1606";"kollision";-0,3323
"1607";"komfort";0,1808
"1608";"komfortabel";0,08
"1609";"kommod";0,004
"1610";"kommunikation";0,004
"1611";"kommunikativ";0,004
"1612";"kompatibel";0,004
"1613";"kompatibilität";0,004
"1614";"kompensation";0,004
"1615";"kompensieren";0,004
"1616";"kompetent";0,0789
"1617";"kompetenz";0,004
"1618";"komplett";0,004
"1619";"komplikation";-0,0048
"1620";"kompliment";0,3323
"1621";"kompliziert";-0,0384
"1622";"kompromiss";0,004
"1623";"konflikt";-0,0048
"1624";"konfliktfrei";0,004
"1625";"konfrontation";-0,0048
"1626";"konfrontieren";-0,0048
"1627";"kongenial";0,004
"1628";"konjunkturaufschwung";0,004
"1629";"konjunkturrückgang";-0,0048
"1630";"konkret";0,004
"1631";"konkurrenzfähig";0,004
"1632";"konkurrenz";-0,0461
"1633";"konkurrenzkampf";-0,0494
"1634";"konkurrieren";-0,0048
"1635";"konkurs";-0,0048
"1636";"konsens";0,004
"1637";"konsequent";0,004
"1638";"konsistent";0,004
"1639";"konsistenz";0,004
"1640";"konsolidieren";0,004
"1641";"konsolidierung";0,004
"1642";"konstant";0,087
"1643";"konstanz";0,004
"1644";"konstruktiv";0,0894
"1645";"konsultation";0,004
"1646";"konsultieren";0,004
"1647";"kontinuierlich";0,004
"1648";"kontinuität";0,004
"1649";"kontraproduktiv";-0,6272
"1650";"kontrovers";-0,3395
"1651";"kontroverse";-0,3329
"1652";"konzertiert";0,004
"1653";"kooperation";0,004
"1654";"kooperativ";0,004
"1655";"kooperieren";0,004
"1656";"koordinieren";0,004
"1657";"koordiniert";0,004
"1658";"koordinierung";0,004
"1659";"kopfschmerzen";-0,1993
"1660";"korrekt";0,004
"1661";"korrektheit";0,004
"1662";"korrektur";0,004
"1663";"korrupt";-0,4615
"1664";"korruption";-0,3439
"1665";"kostbar";0,0777
"1666";"kostbarkeit";0,004
"1667";"kostengünstig";0,004
"1668";"kostenintensiv";-0,0048
"1669";"kostenlos";0,004
"1670";"kostspielig";-0,0048
"1671";"kostspieligkeit";-0,0048
"1672";"krach";-0,0048
"1673";"krachen";-0,0048
"1674";"kraft";0,004
"1675";"kräftig";0,2408
"1676";"kraftlos";-0,3338
"1677";"kraftvoll";0,2214
"1678";"krank";-0,4694
"1679";"kränkeln";-0,0048
"1680";"kranken";-0,0048
"1681";"kränken";-0,0048
"1682";"krankheit";-0,6858
"1683";"kränklich";-0,3172
"1684";"kränkung";-0,0048
"1685";"krass";-0,1603
"1686";"kreativ";0,5865
"1687";"kreativität";0,0768
"1688";"kriechen";-0,0048
"1689";"krieg";-0,5364
"1690";"kriegerisch";-0,0048
"1691";"kriminalität";-0,0048
"1692";"kriminell";-0,4692
"1693";"krise";-0,3621
"1694";"kritik";-0,5308
"1695";"kritiker";-0,6494
"1696";"kritisch";-0,0995
"1697";"kritisieren";-0,3466
"1698";"krude";-0,0048
"1699";"krumm";-0,0426
"1700";"krüppel";-0,3203
"1701";"kulant";0,004
"1702";"kulanz";0,004
"1703";"kultiviert";0,0731
"1704";"kümmerlich";-0,3208
"1705";"kümmern";0,2016
"1706";"kündigen";-0,4947
"1707";"kündigung";-0,0048
"1708";"künstlerisch";0,004
"1709";"kunstreich";0,004
"1710";"kunstvoll";0,004
"1711";"kur";0,0859
"1712";"kurieren";0,004
"1713";"kurseinbruch";-0,0048
"1714";"kürzen";-0,3439
"1715";"kurzsichtig";-0,4714
"1716";"kürzung";-0,341
"1717";"kurz";-0,0048
"1718";"labil";-0,326
"1719";"lächeln";0,3399
"1720";"lachen";0,0135
"1721";"lächerlich";-0,6435
"1722";"lädiert";-0,0366
"1723";"lähmen";-0,0048
"1724";"lähmung";-0,0048
"1725";"laienhaft";-0,3169
"1726";"lakonisch";-0,0048
"1727";"langatmig";-0,0048
"1728";"langeweile";-0,0377
"1729";"langlebig";0,2026
"1730";"langlebigkeit";0,004
"1731";"langsam";-0,0167
"1732";"langweilen";-0,0512
"1733";"langweiler";-0,0443
"1734";"langweilig";-0,0228
"1735";"läppisch";-0,0048
"1736";"lasch";-0,0048
"1737";"lässig";0,2095
"1738";"lästig";-0,1751
"1739";"last";-0,0048
"1740";"laune";0,1085
"1741";"launenhaftigkeit";-0,0048
"1742";"launisch";-0,0409
"1743";"lautstark";0,004
"1744";"lebendig";0,0947
"1745";"lebensfähig";0,004
"1746";"lebensfähigkeit";0,004
"1747";"lebensfeindlich";-0,0048
"1748";"lebensgefahr";-0,0048
"1749";"lebensgefährlich";-0,0048
"1750";"lebhaft";0,2146
"1751";"leblos";-0,049
"1752";"leblosigkeit";-0,0048
"1753";"leer";-0,025
"1754";"leere";-0,0048
"1755";"legalität";0,004
"1756";"legal";0,004
"1757";"legendär";0,004
"1758";"legitimität";0,004
"1759";"legitim";0,004
"1760";"leicht";0,004
"1761";"leichtgläubig";-0,0048
"1762";"leichtigkeit";0,1725
"1763";"leichtsinn";-0,3253
"1764";"leichtsinnig";-0,0048
"1765";"leichtsinnsfehler";-0,0371
"1766";"leid";-0,5056
"1767";"leiden";-0,1596
"1768";"leidende";-0,0048
"1769";"leidenschaft";0,004
"1770";"leidenschaftlich";0,1988
"1771";"leider";-0,4787
"1772";"leistung";0,004
"1773";"leistungsfähig";0,3222
"1774";"leistungsfähigkeit";0,004
"1775";"leistungsstark";0,004
"1776";"leistungsunfähig";-0,0048
"1777";"lernen";0,2492
"1778";"leuchtend";0,0821
"1779";"leugnen";-0,4862
"1780";"leutselig";0,004
"1781";"liberal";0,004
"1782";"liberalismus";0,004
"1783";"liebenswürdig";0,2001
"1784";"lieb";0,1131
"1785";"liebe";0,0985
"1786";"liebenswert";0,2077
"1787";"liebevoll";0,4657
"1788";"liebling";0,0873
"1789";"lieblos";-0,4697
"1790";"lindern";0,004
"1791";"linderung";0,004
"1792";"liquidation";-0,0048
"1793";"liquidieren";-0,0048
"1794";"lob";0,7246
"1795";"loben";0,4445
"1796";"lobenswert";0,0821
"1797";"löblich";0,004
"1798";"locker";0,2381
"1799";"logisch";0,0936
"1800";"lohn";0,004
"1801";"lohnen";0,004
"1802";"lohnend";0,1875
"1803";"löschen";-0,3654
"1804";"löschung";-0,0048
"1805";"lösen";0,004
"1806";"lösung";0,004
"1807";"loswerden";-0,0048
"1808";"loyal";0,004
"1809";"loyalität";0,004
"1810";"lückenhaft";-0,4805
"1811";"lückenlos";0,004
"1812";"lüge";-0,5
"1813";"lügner";-0,4767
"1814";"lukrativ";0,004
"1815";"luxoriös";0,004
"1816";"luxuriös";0,0835
"1817";"luxus";0,004
"1818";"macht";0,004
"1819";"mächtig";0,2277
"1820";"machtlos";-0,3351
"1821";"mager";-0,0048
"1822";"magern";-0,0048
"1823";"magie";0,004
"1824";"magisch";0,004
"1825";"majestät";0,004
"1826";"majestätisch";0,073
"1827";"makel";-0,1813
"1828";"makelhaft";-0,0048
"1829";"makellos";0,2
"1830";"malerisch";0,0753
"1831";"mangel";-0,3669
"1832";"mangelbehaftet";-0,0048
"1833";"mangelhaft";-0,3395
"1834";"mangeln";-0,0048
"1835";"manipulation";-0,3455
"1836";"manipulieren";-0,0048
"1837";"markant";0,1935
"1838";"massaker";-0,0048
"1839";"massiv";0,004
"1840";"maßlos";-0,1965
"1841";"maßlosigkeit";-0,0048
"1842";"matt";-0,0048
"1843";"mau";-0,1914
"1844";"maximal";0,004
"1845";"maximieren";0,004
"1846";"maximum";0,004
"1847";"meckern";-0,031
"1848";"meiden";-0,332
"1849";"meisterhaft";0,004
"1850";"meisterlich";0,004
"1851";"meisterschaft";0,004
"1852";"meisterwerk";0,004
"1853";"melancholie";-0,1859
"1854";"melancholisch";-0,0048
"1855";"melodrama";-0,0048
"1856";"melodramatisch";-0,0048
"1857";"menschenunwürdig";-0,3144
"1858";"menschenwürde";0,004
"1859";"menschenwürdig";0,004
"1860";"menschlich";0,3324
"1861";"menschlichkeit";0,004
"1862";"merkwürdig";-0,0431
"1863";"merkwürdigkeit";-0,0048
"1864";"messbar";0,004
"1865";"mies";-0,0048
"1866";"miesepetrig";-0,0048
"1867";"mild";0,3303
"1868";"milde";0,004
"1869";"mindern";-0,057
"1870";"minderung";-0,0048
"1871";"minderwertig";-0,613
"1872";"minderwertigkeit";-0,3201
"1873";"miserabel";-0,2004
"1874";"missachten";-0,0048
"1875";"missachtung";-0,0048
"1876";"missbrauch";-0,0048
"1877";"missbrauchen";-0,0048
"1878";"missfallen";-0,0048
"1879";"missgelaunt";-0,297
"1880";"missgeschick";-0,0472
"1881";"missglück";-0,0048
"1882";"missglücken";-0,0048
"1883";"misslingen";-0,0048
"1884";"missmutig";-0,3166
"1885";"missraten";-0,0048
"1886";"misstrauen";-0,4778
"1887";"misstrauensantrag";-0,0048
"1888";"misstrauisch";-0,3333
"1889";"missverständnis";-0,4756
"1890";"missverstehen";-0,3202
"1891";"mist";-0,17275
"1892";"miteinander";0,3697
"1893";"mitfühlen";0,0922
"1894";"mitgefühl";0,004
"1895";"mitmenschlich";0,004
"1896";"mittellos";-0,0048
"1897";"mittellosigkeit";-0,0048
"1898";"mittelmäßig";-0,1871
"1899";"mittelmäßigkeit";-0,0048
"1900";"mobil";0,004
"1901";"mobilisieren";0,004
"1902";"mobilität";0,004
"1903";"modern";0,2287
"1904";"modernisieren";0,004
"1905";"modernisierung";0,004
"1906";"modernität";0,004
"1907";"mögen";0,345
"1908";"möglich";0,004
"1909";"möglichkeit";0,004
"1910";"mondän";0,004
"1911";"monoton";-0,0533
"1912";"monotonie";-0,0048
"1913";"monumental";0,004
"1914";"moral";0,004
"1915";"moralisch";0,004
"1916";"morbid";-0,0048
"1917";"mörderisch";-0,0384
"1918";"mord";-0,3595
"1919";"morden";-0,0048
"1920";"motivation";0,004
"1921";"motivieren";0,2248
"1922";"motiviert";0,3541
"1923";"müde";-0,0048
"1924";"müdigkeit";-0,1995
"1925";"mühe";-0,0048
"1926";"mühelos";0,004
"1927";"mühsam";-0,3336
"1928";"müll";-0,3377
"1929";"murren";-0,0496
"1930";"mürrisch";-0,4658
"1931";"mustergültig";0,004
"1932";"mut";0,6093
"1933";"mutig";0,3435
"1934";"mutlos";-0,0048
"1935";"mutlosigkeit";-0,0048
"1936";"nachahmenswert";0,0818
"1937";"nachhaltig";0,004
"1938";"nachhaltigkeit";0,004
"1939";"nachlassen";-0,0048
"1940";"nachlässig";-0,3307
"1941";"nachlässigkeit";-0,0048
"1942";"nachteil";-0,8102
"1943";"nachteilig";-0,3357
"1944";"nah";0,2267
"1945";"nähe";0,0911
"1946";"nähren";0,004
"1947";"naivität";-0,0048
"1948";"naiv";-0,0675
"1949";"namhaft";0,004
"1950";"närrisch";-0,0443
"1951";"narr";-0,335
"1952";"negativ";-0,4949
"1953";"negativität";-0,3155
"1954";"neid";-0,4729
"1955";"neidisch";-0,0048
"1956";"nennenswert";0,004
"1957";"nerven";-0,1374
"1958";"nervenaufreibend";-0,0376
"1959";"nervig";-0,0048
"1960";"nervös";-0,0042
"1961";"nervosität";-0,1833
"1962";"nett";0,1405
"1963";"neu";0,004
"1964";"neustart";-0,0504
"1965";"neutralisieren";-0,1892
"1966";"niedergang";-0,0048
"1967";"niedergeschlagen";-0,4708
"1968";"niedergeschlagenheit";-0,0048
"1969";"niedergleitend";-0,0048
"1970";"niederlage";-0,3651
"1971";"niederschlagen";-0,1871
"1972";"niederschmetternd";-0,0436
"1973";"niederträchtig";-0,45
"1974";"niedlich";0,0987
"1975";"niedrig";-0,3623
"1976";"nörgeln";-0,1789
"1977";"nötigen";-0,0048
"1978";"not";-0,2187
"1979";"notfall";-0,0468
"1980";"nötigung";-0,0048
"1981";"notstand";-0,0048
"1982";"nutzbringend";0,004
"1983";"nutzen";0,004
"1984";"nützen";0,004
"1985";"nützlich";0,2302
"1986";"nutzlos";-0,485
"1987";"nutzlosigkeit";-0,0048
"1988";"oase";0,004
"1989";"oberflächlich";-0,1794
"1990";"oberflächlichkeit";-0,3299
"1991";"öde";-0,457
"1992";"offensichtlich";0,004
"1993";"offensive";-0,0048
"1994";"ominös";-0,0048
"1995";"opposition";-0,3631
"1996";"optimal";0,2162
"1997";"optimalität";0,004
"1998";"optimismus";0,0882
"1999";"optimist";0,0836
"2000";"optimistisch";0,004
"2001";"ordentlich";0,0073
"2002";"ordnungsgemäß";0,004
"2003";"ordnungsmäßigkeit";0,004
"2004";"ordnungswidrig";-0,171
"2005";"originalität";0,004
"2006";"original";0,004
"2007";"packend";0,004
"2008";"panik";-0,3429
"2009";"panisch";-0,0048
"2010";"panne";-0,1901
"2011";"pannenhilfe";0,004
"2012";"paradies";0,004
"2013";"paradiesisch";0,2068
"2014";"partner";0,004
"2015";"partnerschaft";0,0779
"2016";"partnerschaftlich";0,004
"2017";"passend";0,1201
"2018";"pech";-0,4823
"2019";"peinlich";-0,0048
"2020";"perfekt";0,7299
"2021";"perfektion";0,004
"2022";"perfektionismus";0,004
"2023";"perfektionist";0,004
"2024";"pessimismus";-0,4715
"2025";"pessimistisch";-0,3359
"2026";"pest";-0,3456
"2027";"pflege";0,004
"2028";"pflegen";0,2325
"2029";"pflicht";-0,3577
"2030";"pflichtwidrig";-0,0048
"2031";"phänomenal";0,08
"2032";"phantasie";0,075
"2033";"phantasievoll";0,3064
"2034";"phantastisch";0,565
"2035";"pikiert";-0,0048
"2036";"planlos";-0,1869
"2037";"planmäßig";0,004
"2038";"planvoll";0,004
"2039";"plausibel";0,004
"2040";"plausibilität";0,004
"2041";"pleite";-0,3323
"2042";"pompös";0,004
"2043";"populär";0,004
"2044";"positiv";0,004
"2045";"positivität";0,004
"2046";"potent";0,0864
"2047";"potenz";0,004
"2048";"pracht";0,004
"2049";"prächtig";0,335
"2050";"prächtigkeit";0,004
"2051";"prachtvoll";0,004
"2052";"präferenz";0,004
"2053";"praktikabel";0,0744
"2054";"praktikabilität";0,004
"2055";"praktisch";0,1026
"2056";"prall";0,09
"2057";"präzis";0,004
"2058";"präzise";0,004
"2059";"präzision";0,004
"2060";"preisgünstig";0,004
"2061";"preissturz";-0,0048
"2062";"prekär";-0,3272
"2063";"premium";0,004
"2064";"prestige";0,004
"2065";"prima";0,5766
"2066";"primitiv";-0,7475
"2067";"privileg";0,004
"2068";"privilegiert";0,004
"2069";"problem";-0,3865
"2070";"problematisch";-0,3524
"2071";"problemlos";0,004
"2072";"produktivität";0,004
"2073";"produktiv";0,004
"2074";"profan";-0,0048
"2075";"professionell";0,467
"2076";"profiliert";0,004
"2077";"profit";0,004
"2078";"profitabel";0,004
"2079";"profitieren";0,004
"2080";"progression";0,004
"2081";"progressiv";0,004
"2082";"prominent";0,004
"2083";"propaganda";-0,4893
"2084";"protest";-0,3564
"2085";"protestieren";-0,0048
"2086";"protzig";0,004
"2087";"provisorisch";-0,0048
"2088";"provisorium";-0,0048
"2089";"provokation";-0,0048
"2090";"provozieren";-0,3369
"2091";"prügeln";-0,0507
"2092";"prunkvoll";0,004
"2093";"pünktlich";0,086
"2094";"pünktlichkeit";0,004
"2095";"puppig";0,004
"2096";"quälen";-0,1929
"2097";"qualifikation";0,004
"2098";"qualifizieren";0,004
"2099";"qualifiziert";0,004
"2100";"qualität";0,004
"2101";"qualitativ";0,004
"2102";"qualitätsminderung";-0,3096
"2103";"qualitätsverbesserung";0,004
"2104";"qualitätsvoll";0,004
"2105";"qual";-0,0402
"2106";"qualvoll";-0,0048
"2107";"quicklebendig";0,004
"2108";"rabiat";-0,0402
"2109";"rächen";-0,3489
"2110";"rache";-0,3534
"2111";"radikal";-0,487
"2112";"raffiniert";0,004
"2113";"rammen";-0,0048
"2114";"ramponieren";-0,0048
"2115";"rasend";-0,0048
"2116";"rational";0,004
"2117";"ratlosigkeit";-0,0048
"2118";"rätselraten";-0,0048
"2119";"rat";0,004
"2120";"räuber";-0,3508
"2121";"raub";-0,0048
"2122";"rauh";-0,0286
"2123";"rausgeschmissen";-0,1863
"2124";"realistisch";0,2089
"2125";"rebellen";-0,0048
"2126";"rebellion";-0,0048
"2127";"rebellisch";-0,1706
"2128";"rechtfertigen";0,004
"2129";"rechthaberisch";-0,0048
"2130";"rechtlich";0,004
"2131";"rechtmäßig";0,004
"2132";"rechtmäßigkeit";0,004
"2133";"rechtsgültig";0,004
"2134";"rechtsgültigkeit";0,004
"2135";"recht";0,004
"2136";"rechtswidrig";-0,3406
"2137";"rechtswidrigkeit";-0,0499
"2138";"redundanz";-0,0048
"2139";"reduzieren";-0,0048
"2140";"rehabilitation";0,004
"2141";"rehabilitieren";0,004
"2142";"reibungslos";0,1965
"2143";"reich";0,1247
"2144";"reichhaltig";0,209
"2145";"reichlich";0,3617
"2146";"reichtum";0,004
"2147";"reif";0,0807
"2148";"reifen";0,0886
"2149";"rein";0,004
"2150";"reinfall";-0,0048
"2151";"reinheit";0,004
"2152";"reinigen";0,004
"2153";"reinigung";0,004
"2154";"reizend";0,0787
"2155";"reizvoll";0,004
"2156";"reklamation";-0,0048
"2157";"relevant";0,004
"2158";"relevanz";0,004
"2159";"renitent";-0,0048
"2160";"renommiert";0,004
"2161";"renovieren";0,004
"2162";"renovierung";0,004
"2163";"rentabel";0,004
"2164";"rentabilität";0,004
"2165";"reparatur";-4e-04
"2166";"reparieren";0,004
"2167";"repetiv";-0,0048
"2168";"repräsentativ";0,004
"2169";"respekt";0,004
"2170";"respektabel";0,004
"2171";"respektieren";0,004
"2172";"respektvoll";0,004
"2173";"retten";0,004
"2174";"rettung";0,0707
"2175";"revanchieren";0,004
"2176";"revolte";-0,0048
"2177";"revolution";-0,0048
"2178";"rezession";-0,3454
"2179";"richtig";0,004
"2180";"richtigstellen";0,004
"2181";"riesengroß";0,004
"2182";"riesig";0,4554
"2183";"risiko";-0,687
"2184";"riskant";-0,0482
"2185";"riskieren";-0,3328
"2186";"rivale";-0,0502
"2187";"rivalität";-0,0048
"2188";"robust";0,0968
"2189";"robustheit";0,004
"2190";"romantik";0,0688
"2191";"romantisch";0,6965
"2192";"rosarot";0,004
"2193";"rosig";0,0755
"2194";"rost";-0,0048
"2195";"rosten";-0,0048
"2196";"ruchlos";-0,037
"2197";"ruckeln";-0,0387
"2198";"rückendeckung";0,004
"2199";"rückfall";-0,0048
"2200";"rückgang";-0,2096
"2201";"rückgrat";0,004
"2202";"rückhaltlos";0,004
"2203";"rückläufig";-0,0544
"2204";"rückschritt";-0,0048
"2205";"rücksendung";-0,3465
"2206";"rücksicht";0,004
"2207";"rücksichtslos";-0,4754
"2208";"rücksichtslosigkeit";-0,0048
"2209";"rücksichtsvoll";0,004
"2210";"rückstand";-0,063
"2211";"rückständig";-0,0048
"2212";"rückständigkeit";-0,0048
"2213";"rücktritt";-0,0048
"2214";"rückversichern";0,004
"2215";"rückversicherung";0,004
"2216";"rückwärts";-0,3496
"2217";"rückzug";-0,3501
"2218";"rüde";-0,0048
"2219";"ruhe";0,5017
"2220";"ruhig";0,3815
"2221";"ruhm";0,004
"2222";"ruhmreich";0,004
"2223";"rührig";0,004
"2224";"ruinös";-0,0048
"2225";"ruin";-0,0048
"2226";"ruppig";-0,0048
"2227";"rutsch";-0,0048
"2228";"rutschen";-0,0048
"2229";"sabotage";-0,0048
"2230";"sabotieren";-0,0048
"2231";"sachgemäß";0,004
"2232";"sackgasse";-0,3455
"2233";"sagenhaft";0,0907
"2234";"sanft";0,338
"2235";"satt";0,3557
"2236";"sauber";0,3553
"2237";"sauberkeit";0,0755
"2238";"sauer";-0,0048
"2239";"schäbig";-0,0421
"2240";"schade";-0,0048
"2241";"schaden";-0,5299
"2242";"schäden";-0,3731
"2243";"schadensbild";-0,0048
"2244";"schadhaft";-0,0048
"2245";"schädigend";-0,1779
"2246";"schädigenden";-0,3284
"2247";"schädigung";-0,0048
"2248";"schädlich";-0,9269
"2249";"schaffen";0,004
"2250";"schal";-0,0048
"2251";"schämen";-0,893
"2252";"scham";-0,4829
"2253";"schamlos";-0,3332
"2254";"schande";-0,0048
"2255";"scharf";0,2248
"2256";"schatz";0,1096
"2257";"schätzen";0,1175
"2258";"schauerlich";-0,0048
"2259";"schaurig";-0,0048
"2260";"scheiden";-0,0557
"2261";"scheidung";-0,2023
"2262";"scheiss";-0,1838
"2263";"scheiß";-0,3381
"2264";"scheiße";-0,2945
"2265";"scheisse";-0,0226
"2266";"scheitern";-0,3524
"2267";"schelte";-0,0048
"2268";"schelten";-0,3143
"2269";"schenken";0,204
"2270";"schenkung";0,004
"2271";"scheusslich";-0,0048
"2272";"scheußlich";-0,1834
"2273";"scheußlichkeit";-0,0048
"2274";"schick";0,3372
"2275";"schillern";0,004
"2276";"schillernd";0,004
"2277";"schimmelig";-0,304
"2278";"schimpfend";-0,0048
"2279";"schirmherr";0,004
"2280";"schirmherrschaft";0,004
"2281";"schlachtfeld";-0,0048
"2282";"schlaff";-0,0472
"2283";"schlag";-0,0048
"2284";"schlagen";-0,0306
"2285";"schlagend";0,004
"2286";"schlägerei";-0,0048
"2287";"schlamperei";-0,0048
"2288";"schlank";0,2349
"2289";"schlapp";-0,0048
"2290";"schlau";0,341
"2291";"schlauheit";0,004
"2292";"schlecht";-0,7706
"2293";"schlechtigkeit";-0,4646
"2294";"schleppend";-0,0048
"2295";"schlicht";-0,623
"2296";"schließen";-0,211
"2297";"schlimm";-0,1705
"2298";"schlimmer";-0,6494
"2299";"schlitterbahn";-0,0048
"2300";"schlotterig";-0,0048
"2301";"schlottern";-0,0048
"2302";"schlüssig";0,0809
"2303";"schmackhaft";0,217
"2304";"schmeichelnd";0,1874
"2305";"schmerz";-0,0048
"2306";"schmerzen";-0,3251
"2307";"schmerzerfüllt";-0,0048
"2308";"schmerzhaft";-0,3182
"2309";"schmerzlich";-0,0516
"2310";"schmerzvoll";-0,0428
"2311";"schmuck";0,004
"2312";"schmücken";0,004
"2313";"schmuggel";-0,0048
"2314";"schmuggeln";-0,0048
"2315";"schmutz";-0,0542
"2316";"schmutzig";-0,2984
"2317";"schnäppchen";0,004
"2318";"schnell";0,1169
"2319";"schnelligkeit";0,004
"2320";"schock";-0,0048
"2321";"schocken";-0,0396
"2322";"schockierend";-0,1933
"2323";"schön";0,0081
"2324";"schönheit";0,3286
"2325";"schonungslos";-0,461
"2326";"schräglauf";-0,0048
"2327";"schramme";-0,0048
"2328";"schreck";-0,194
"2329";"schrecklich";-0,0242
"2330";"schrott";-0,0534
"2331";"schrumpfen";-0,0048
"2332";"schubs";-0,0048
"2333";"schubsen";-0,1756
"2334";"schuftig";-0,0048
"2335";"schuld";-0,9686
"2336";"schulden";-0,0048
"2337";"schuldhaft";-0,3346
"2338";"schuldig";-0,7968
"2339";"schuldlos";0,004
"2340";"schuldlosigkeit";0,004
"2341";"schuldner";-0,0048
"2342";"schuldnerin";-0,0048
"2343";"schurke";-0,3306
"2344";"schutz";0,004
"2345";"schutzmaßnahmen";0,004
"2346";"schwach";-0,9206
"2347";"schwäche";-0,5035
"2348";"schwächen";-0,3372
"2349";"schwächlich";-0,3167
"2350";"schwächung";-0,337
"2351";"schwer";-0,0048
"2352";"schwerfällig";-0,0048
"2353";"schwerwiegend";-0,0048
"2354";"schwierig";-0,0245
"2355";"schwierigkeit";-0,0483
"2356";"schwinden";-0,0048
"2357";"schwindlig";-0,0512
"2358";"schwund";-0,0048
"2359";"schwung";0,238
"2360";"schwunghaft";0,004
"2361";"sehenswert";0,0947
"2362";"seicht";-0,1742
"2363";"selbstständig";0,004
"2364";"selbstständigkeit";0,004
"2365";"seltsam";-0,0048
"2366";"senken";-0,0596
"2367";"senkung";-0,0545
"2368";"sensation";0,004
"2369";"sensationell";0,086
"2370";"sensibel";0,098
"2371";"seriös";0,004
"2372";"seriösität";0,004
"2373";"sexy";0,3453
"2374";"sicher";0,3733
"2375";"sicherheit";0,004
"2376";"sichern";0,004
"2377";"sicherstellen";0,004
"2378";"sichtbar";0,004
"2379";"siegeszug";0,004
"2380";"simpel";0,004
"2381";"sinken";-0,2064
"2382";"sinn";0,004
"2383";"sinnlos";-0,6331
"2384";"sinnlosigkeit";-0,0048
"2385";"sinnvoll";0,004
"2386";"sintflut";-0,3313
"2387";"skandal";-0,0048
"2388";"skandalös";-0,0048
"2389";"skeptisch";-0,1985
"2390";"sklave";-0,3281
"2391";"sklavenarbeit";-0,0048
"2392";"skrupellos";-0,1814
"2393";"solid";0,004
"2394";"solidarisch";0,004
"2395";"solidarität";0,004
"2396";"sonnendurchflutet";0,004
"2397";"sonnig";0,2244
"2398";"sorge";-0,3618
"2399";"sorgen";0,1093
"2400";"sorgenfrei";0,004
"2401";"sorgenschwer";-0,0048
"2402";"sorgfältig";0,2119
"2403";"sorgfältigkeit";0,004
"2404";"sorglos";0,004
"2405";"sorglosigkeit";0,004
"2406";"sorgsam";0,004
"2407";"souverän";0,0711
"2408";"spannend";0,7165
"2409";"sparen";0,004
"2410";"sparsam";0,0907
"2411";"sparsamkeit";0,004
"2412";"spaß";0,2823
"2413";"spass";0,2429
"2414";"spaßig";0,0969
"2415";"spektakel";0,004
"2416";"spektakulär";0,0925
"2417";"spende";0,004
"2418";"spenden";0,004
"2419";"spezialität";0,004
"2420";"speziell";0,004
"2421";"spielend";0,004
"2422";"spielerisch";0,2
"2423";"spitze";0,2112
"2424";"spott";-0,3357
"2425";"sprengen";-0,0048
"2426";"sprengstoff";-0,0048
"2427";"sprengung";-0,0048
"2428";"spröde";-0,038
"2429";"sprung";0,004
"2430";"spürbar";0,004
"2431";"stabil";0,1016
"2432";"stabilisieren";0,004
"2433";"stabilität";0,004
"2434";"stagnation";-0,0048
"2435";"stagnieren";-0,0048
"2436";"standhaft";0,004
"2437";"standhaftigkeit";0,004
"2438";"stark";0,004
"2439";"stärke";0,004
"2440";"stärken";0,004
"2441";"starr";-0,0048
"2442";"statisch";-0,0048
"2443";"stattlich";0,0876
"2444";"stattlichkeit";0,004
"2445";"stau";-0,0438
"2446";"staunen";0,004
"2447";"stehlen";-0,4944
"2448";"steigen";0,004
"2449";"steigend";0,004
"2450";"steigern";0,004
"2451";"steigerung";0,004
"2452";"steigflug";0,004
"2453";"sterben";-0,0539
"2454";"steuerhinterziehung";-0,0048
"2455";"stiften";0,004
"2456";"stifter";0,004
"2457";"stiftung";0,004
"2458";"stil";0,3398
"2459";"stilllegen";-0,0048
"2460";"stilllegung";-0,0048
"2461";"stillstand";-0,0048
"2462";"stillstehen";-0,0048
"2463";"stilsicher";0,004
"2464";"stilvoll";0,3197
"2465";"stimulation";0,004
"2466";"stimulieren";0,004
"2467";"stinken";-0,1634
"2468";"stocken";-0,0048
"2469";"stolz";0,2979
"2470";"stören";-0,333
"2471";"stornieren";-0,0048
"2472";"stornierung";-0,0048
"2473";"störung";-0,3569
"2474";"störungsfrei";0,004
"2475";"stoß";-0,0048
"2476";"stoßen";-0,3563
"2477";"stottern";-0,0435
"2478";"strafbar";-0,3468
"2479";"strafverfahren";-0,0048
"2480";"strahlen";0,2092
"2481";"strahlend";0,218
"2482";"strapaze";-0,0048
"2483";"streik";-0,0048
"2484";"streiken";-0,044
"2485";"streit";-0,6632
"2486";"streiten";-0,0302
"2487";"streng";-0,3571
"2488";"strenge";-0,0048
"2489";"stress";-0,0048
"2490";"streß";-0,0048
"2491";"strittig";-0,3249
"2492";"stümperhaft";-0,0048
"2493";"stumpfsinnig";-0,0048
"2494";"stupide";-0,0048
"2495";"sturheit";-0,1894
"2496";"stürmisch";-0,0048
"2497";"stürzen";-0,1975
"2498";"stur";-0,1837
"2499";"sturz";-0,6316
"2500";"stütze";0,004
"2501";"stützen";0,004
"2502";"suboptimal";-0,0048
"2503";"subvention";0,004
"2504";"subventionieren";0,004
"2505";"sucht";-0,3505
"2506";"suchtfaktor";0,004
"2507";"süchtig";0,0845
"2508";"sündenbock";-0,3285
"2509";"super";0,5012
"2510";"superlativ";0,004
"2511";"superschnell";0,004
"2512";"süß";0,3616
"2513";"symbiose";0,004
"2514";"sympathie";0,004
"2515";"sympathisch";0,4529
"2516";"sympathisieren";0,004
"2517";"systematisch";0,004
"2518";"tabu";-0,0048
"2519";"tadel";-0,0048
"2520";"tadellos";0,309
"2521";"tadeln";-0,3234
"2522";"tadelnswert";-0,0048
"2523";"tadelsfrei";0,004
"2524";"talent";0,3352
"2525";"talentiert";0,3218
"2526";"tatenlos";-0,0048
"2527";"tätig";0,004
"2528";"tatkräftig";0,004
"2529";"tauglich";0,004
"2530";"täuschen";-0,6192
"2531";"täuschung";-0,3445
"2532";"terror";-0,0048
"2533";"terrorisieren";-0,0048
"2534";"terrorismus";-0,3553
"2535";"teuer";-0,2716
"2536";"teuerung";-0,322
"2537";"teuerungsrate";-0,0048
"2538";"teufelskreis";-0,479
"2539";"teuflisch";-0,1677
"2540";"tiefgreifend";0,004
"2541";"tierisch";0,1135
"2542";"tod";-0,0697
"2543";"todesfall";-0,0048
"2544";"todesstrafe";-0,0048
"2545";"tödlich";-0,3487
"2546";"tolerant";0,1984
"2547";"toleranz";0,004
"2548";"tolerieren";0,004
"2549";"toll";0,5066
"2550";"top";0,3186
"2551";"toppen";0,004
"2552";"torheit";-0,0048
"2553";"töricht";-0,471
"2554";"tot";-0,1683
"2555";"totalitär";-0,0048
"2556";"töten";-0,5203
"2557";"totschlag";-0,0048
"2558";"tradition";0,004
"2559";"traditionell";0,004
"2560";"traditionsreich";0,004
"2561";"träge";-0,3272
"2562";"tragfähig";0,004
"2563";"trägheit";-0,1937
"2564";"tragisch";-0,1847
"2565";"tragödie";-0,0048
"2566";"träne";-0,0562
"2567";"transparent";0,004
"2568";"trauer";-0,0048
"2569";"trauern";-0,1945
"2570";"trauma";-0,0048
"2571";"traumatisch";-0,0048
"2572";"traumatisieren";-0,0048
"2573";"traumhaft";0,5665
"2574";"traurig";-0,1266
"2575";"traurigkeit";-0,0457
"2576";"treffend";0,1023
"2577";"trefflich";0,004
"2578";"trennen";-0,5033
"2579";"trennung";-0,5071
"2580";"treu";0,3526
"2581";"treue";0,2019
"2582";"trist";-0,0424
"2583";"tristesse";-0,0555
"2584";"triumph";0,004
"2585";"triumphal";0,004
"2586";"triumphieren";0,004
"2587";"trophäe";0,004
"2588";"trösten";0,004
"2589";"trost";0,0706
"2590";"trostlos";-0,0467
"2591";"trostlosigkeit";-0,0048
"2592";"trott";-0,0048
"2593";"trottelig";-0,0048
"2594";"trotten";-0,0048
"2595";"trotzen";-0,0048
"2596";"trüb";-0,0048
"2597";"trübsal";-0,189
"2598";"trügerisch";-0,1874
"2599";"trugschluß";-0,0048
"2600";"turbolenz";-0,0048
"2601";"turbolenzen";-0,0048
"2602";"turbulent";-0,0048
"2603";"tyrannei";-0,3243
"2604";"tyrannisch";-0,0048
"2605";"übel";-0,4895
"2606";"übellaunig";-0,0048
"2607";"überdurchschnittlich";0,09
"2608";"übereinkunft";0,004
"2609";"übereinstimmung";0,004
"2610";"überfallen";-0,3457
"2611";"überfluß";0,004
"2612";"überflüssig";-0,5154
"2613";"überflutet";-0,0048
"2614";"überfüllung";-0,0048
"2615";"übergewicht";-0,2011
"2616";"übergewichtig";-0,3215
"2617";"überglücklich";0,004
"2618";"übergroß";0,004
"2619";"überhöhen";-0,0048
"2620";"überhöhung";-0,0048
"2621";"überholen";0,004
"2622";"überlastet";-0,3413
"2623";"überlastung";-0,0048
"2624";"überleben";0,004
"2625";"überlegen";0,004
"2626";"überlegenheit";0,004
"2627";"überlegt";0,004
"2628";"überlegung";0,004
"2629";"übermaß";-0,3337
"2630";"übermäßig";-0,1844
"2631";"übermenschlich";0,004
"2632";"überparteilichkeit";0,004
"2633";"überragend";0,004
"2634";"überraschend";0,004
"2635";"überrascht";0,2438
"2636";"überrunden";0,004
"2637";"überschaubar";0,004
"2638";"überschaubarkeit";0,004
"2639";"überschäumen";0,004
"2640";"überschreiten";-0,0048
"2641";"überschreitung";-0,0048
"2642";"überschuß";-0,1924
"2643";"überschwänglich";0,004
"2644";"überschwänglichkeit";0,004
"2645";"überschwemmen";-0,0048
"2646";"überschwemmung";-0,0048
"2647";"übersehen";-0,5128
"2648";"übersichtlich";0,2253
"2649";"übertreffen";0,004
"2650";"übertreiben";-0,0372
"2651";"übertreibung";-0,0424
"2652";"übertreten";-0,329
"2653";"übertrieben";-0,3203
"2654";"überwältigen";-0,0048
"2655";"überwältigend";0,3312
"2656";"überwältigt";0,0578
"2657";"überwinden";0,004
"2658";"überzeugen";0,3396
"2659";"überzeugend";0,4489
"2660";"überzeugt";0,2381
"2661";"überzeugung";0,004
"2662";"ultimativ";0,004
"2663";"umbruch";0,004
"2664";"umfangreich";0,004
"2665";"umfassend";0,004
"2666";"umgänglich";0,2129
"2667";"umgetauscht";-0,0048
"2668";"umjubelt";0,004
"2669";"umsichtig";0,0846
"2670";"umsorgen";0,0863
"2671";"umständlich";-0,3487
"2672";"umstritten";-0,0048
"2673";"umtausch";-0,343
"2674";"umtauschen";-0,0048
"2675";"umweltschädlich";-0,0048
"2676";"umwerfend";0,1991
"2677";"unabhängig";0,004
"2678";"unabhängigkeit";0,004
"2679";"unachtsam";-0,4488
"2680";"unangefochten";0,004
"2681";"unangemessen";-0,4883
"2682";"unangenehm";-0,4691
"2683";"unanständig";-0,0441
"2684";"unantastbar";0,004
"2685";"unattraktiv";-0,4656
"2686";"unaufgefordert";-0,0048
"2687";"unaufholbar";0,004
"2688";"unaufhörlich";-0,0048
"2689";"unaufrichtig";-0,3091
"2690";"unbarmherzig";-0,3257
"2691";"unbedacht";-0,051
"2692";"unbedeutend";-0,6134
"2693";"unbedingt";0,004
"2694";"unbefriedigend";-0,3343
"2695";"unbefriedigt";-0,319
"2696";"unbefugt";-0,0048
"2697";"unbegrenzt";0,004
"2698";"unbegründet";-0,4923
"2699";"unbehagen";-0,3291
"2700";"unbehaglichkeit";-0,0048
"2701";"unbeliebt";-0,3266
"2702";"unbeliebtheit";-0,0048
"2703";"unbequem";-0,0237
"2704";"unbequemlichkeit";-0,0048
"2705";"unberechtigt";-0,3393
"2706";"unberührt";0,004
"2707";"unbeschreiblich";0,1156
"2708";"unbeschwert";0,3349
"2709";"unbesiegbar";0,004
"2710";"unbesiegbarkeit";0,004
"2711";"unbestimmt";-0,3322
"2712";"unbestimmtheit";-0,0537
"2713";"unbestreitbar";0,004
"2714";"unbestritten";0,004
"2715";"unbewiesen";-0,3113
"2716";"unbezahlbar";0,004
"2717";"unbotmäßig";-0,0048
"2718";"unbrauchbar";-0,4727
"2719";"undankbar";-0,3156
"2720";"undankbarkeit";-0,0048
"2721";"undemokratisch";-0,3259
"2722";"undiplomatisch";-0,0048
"2723";"undiszipliniert";-0,0048
"2724";"undurchführbar";-0,0048
"2725";"undurchsichtig";-0,3279
"2726";"unehrlich";-0,327
"2727";"unehrlichkeit";-0,0048
"2728";"uneingeschränkt";0,004
"2729";"uneinholbar";0,004
"2730";"uneinig";-0,0048
"2731";"uneinigkeit";-0,3289
"2732";"uneinsichtig";-0,0048
"2733";"unerbittlich";-0,3318
"2734";"unerbittlichkeit";-0,0048
"2735";"unerfreulich";-0,0453
"2736";"unerhört";-4e-04
"2737";"unerklärlich";-0,0048
"2738";"unerlaubt";-0,0048
"2739";"unermeßlich";0,004
"2740";"unermesslich";0,004
"2741";"unermüdlich";0,004
"2742";"unerquicklich";-0,0048
"2743";"unerreicht";0,004
"2744";"unerschrocken";0,004
"2745";"unerschrockenheit";0,004
"2746";"unersetzlich";0,004
"2747";"unerträglich";-0,3454
"2748";"unerträglichkeit";-0,0048
"2749";"unerwartet";-0,0349
"2750";"unerwiesen";-0,0048
"2751";"unerwünscht";-0,3413
"2752";"unfähig";-0,4787
"2753";"unfähigkeit";-0,1896
"2754";"unfair";-0,8827
"2755";"unfall";-0,0048
"2756";"unfehlbar";0,004
"2757";"unfehlbarkeit";0,004
"2758";"unfein";-0,0048
"2759";"unfreiwillig";-0,3382
"2760";"unfreundlich";-0,3407
"2761";"unfreundlichkeit";-0,3085
"2762";"unfug";-0,3394
"2763";"ungeahnt";0,004
"2764";"ungebeten";-0,0048
"2765";"ungebrochen";0,004
"2766";"ungebührlich";-0,0048
"2767";"ungedeckt";-0,0048
"2768";"ungeduld";-0,4655
"2769";"ungeduldig";-0,0405
"2770";"ungeeignet";-0,6394
"2771";"ungeheuer";-0,0048
"2772";"ungeheuerlich";-0,0048
"2773";"ungehobelt";-0,0048
"2774";"ungehorsam";-0,3176
"2775";"ungehorsamkeit";-0,0048
"2776";"ungeliebt";-0,4532
"2777";"ungemütlich";-0,0313
"2778";"ungenau";-0,497
"2779";"ungenauigkeit";-0,0048
"2780";"ungeordnet";-0,0048
"2781";"ungerecht";-0,7844
"2782";"ungerechtfertigt";-0,4701
"2783";"ungerechtigkeit";-0,3419
"2784";"ungeschicklichkeit";-0,3116
"2785";"ungeschickt";-0,6087
"2786";"ungeschminkt";-0,0048
"2787";"ungesetzlich";-0,0048
"2788";"ungesund";-0,1793
"2789";"ungeteilt";0,004
"2790";"ungeübt";-0,0048
"2791";"ungewohnt";-0,0243
"2792";"ungewollt";-0,4781
"2793";"ungezogen";-0,3124
"2794";"ungezwungen";0,004
"2795";"unglaublich";0,3698
"2796";"unglaubwürdig";-0,2007
"2797";"unglaubwürdigkeit";-0,0048
"2798";"ungleich";-0,0048
"2799";"ungleichheit";-0,0048
"2800";"unglück";-0,5004
"2801";"unglücklich";-0,301
"2802";"ungültig";-0,3485
"2803";"ungünstig";-0,767
"2804";"unheilbar";-0,0048
"2805";"unheilbarkeit";-0,0048
"2806";"unheilvoll";-0,0048
"2807";"unhöflich";-0,0048
"2808";"unhöflichkeit";-0,0048
"2809";"uninformiert";-0,0048
"2810";"universell";0,004
"2811";"unklar";-0,5023
"2812";"unklarheit";-0,0048
"2813";"unklug";-0,4604
"2814";"unkompliziert";0,0782
"2815";"unkorrekt";-0,3247
"2816";"unkritisch";-0,1934
"2817";"unlauter";-0,0048
"2818";"unliebsam";-0,0048
"2819";"unlogisch";-0,4817
"2820";"unmenschlich";-0,4724
"2821";"unmenschlichkeit";-0,0048
"2822";"unmöglich";-0,3559
"2823";"unmoral";-0,3172
"2824";"unmoralisch";-0,6224
"2825";"unmut";-0,3394
"2826";"unnötig";-0,9463
"2827";"unnütz";-0,6073
"2828";"unordnung";-0,3391
"2829";"unparteiisch";0,004
"2830";"unparteilichkeit";0,004
"2831";"unpassend";-0,3261
"2832";"unpersönlich";-0,0476
"2833";"unpopulär";-0,0048
"2834";"unpraktisch";-0,3182
"2835";"unqualifiziert";-0,3153
"2836";"unrecht";-0,5086
"2837";"unredlich";-0,3248
"2838";"unregelmäßig";-0,0048
"2839";"unregelmäßigkeit";-0,0048
"2840";"unrentabel";-0,0048
"2841";"unrentabilität";-0,0048
"2842";"unruhe";-0,201
"2843";"unruhig";-0,0551
"2844";"unrühmlich";-0,0048
"2845";"unsachgemäß";-0,3271
"2846";"unsäglich";-0,1834
"2847";"unsauber";-0,4713
"2848";"unscharf";-0,327
"2849";"unschätzbar";0,004
"2850";"unschlagbar";0,004
"2851";"unschön";-0,4486
"2852";"unschuld";0,004
"2853";"unschuldig";0,004
"2854";"unselig";-0,0048
"2855";"unseriös";-0,3373
"2856";"unsicher";-0,6268
"2857";"unsicherheit";-0,358
"2858";"unsinn";-0,4969
"2859";"unsinnig";-0,3516
"2860";"unsittlich";-0,0048
"2861";"unsolidarisch";-0,0048
"2862";"unsolide";-0,0048
"2863";"unsozial";-0,4614
"2864";"unsportlich";-0,32
"2865";"unsterblich";0,004
"2866";"unsterblichkeit";0,004
"2867";"unstetig";-0,0048
"2868";"unstetigkeit";-0,3075
"2869";"unstimmigkeit";-0,0048
"2870";"untauglich";-0,5944
"2871";"unten";-0,3334
"2872";"unterbelichtet";-0,0426
"2873";"unterbrechen";-0,0048
"2874";"unterbrechung";-0,0048
"2875";"unterdrücken";-0,4825
"2876";"unterdrückung";-0,0048
"2877";"unterentwickelt";-0,3245
"2878";"untergang";-0,3498
"2879";"untergehen";-0,0048
"2880";"untergraben";-0,0048
"2881";"unterirdisch";-0,4715
"2882";"unterlassen";-0,3488
"2883";"unterlassung";-0,0048
"2884";"unterlaufen";-0,3438
"2885";"unterliegen";-0,0048
"2886";"unternehmerisch";0,004
"2887";"unterstellen";-0,4961
"2888";"unterstützen";0,004
"2889";"unterstützung";0,004
"2890";"unterwerfen";-0,3393
"2891";"unterwerfung";-0,3279
"2892";"unterwürfig";-0,0533
"2893";"untragbar";-0,3247
"2894";"untrennbar";0,004
"2895";"untreu";-0,3222
"2896";"untreue";-0,3293
"2897";"untröstlich";-0,3139
"2898";"unübersichtlich";-0,0501
"2899";"unübertrefflich";0,078
"2900";"unübertroffen";0,0753
"2901";"unüblich";-0,3328
"2902";"unumschränkt";0,004
"2903";"unumstritten";0,004
"2904";"ununterbrochen";0,004
"2905";"unverantwortlich";-0,4889
"2906";"unverantwortliche";-0,3242
"2907";"unverantwortlichkeit";-0,3068
"2908";"unverbesserlich";-0,4363
"2909";"unvereinbar";-0,0048
"2910";"unvereinbarkeit";-0,0048
"2911";"unvergleichbar";0,0833
"2912";"unvergleichlich";0,0967
"2913";"unverhältnismäßig";-0,0048
"2914";"unverhältnismäßigkeit";-0,0048
"2915";"unverhofft";0,004
"2916";"unverkrampft";0,004
"2917";"unverlangt";-0,0048
"2918";"unvermeidlich";-0,0048
"2919";"unvernünftig";-0,3252
"2920";"unverschämtheit";-0,0048
"2921";"unverständlich";-0,6347
"2922";"unverwundbar";0,004
"2923";"unverwundbarkeit";0,004
"2924";"unverzichtbar";0,004
"2925";"unverzichtbarkeit";0,004
"2926";"unvollkommen";-0,4772
"2927";"unvollkommenheit";-0,0048
"2928";"unvollständig";-0,4926
"2929";"unvollständigkeit";-0,0048
"2930";"unvorhergesehen";-0,3141
"2931";"unwahr";-0,3424
"2932";"unwahrheit";-0,466
"2933";"unwichtig";-0,3433
"2934";"unwiderstehlich";0,1874
"2935";"unwiderstehlichkeit";0,004
"2936";"unwillig";-0,4665
"2937";"unwirksam";-0,0048
"2938";"unwirksamkeit";-0,0048
"2939";"unwirtlich";-0,0048
"2940";"unwirtschaftlich";-0,0048
"2941";"unwirtschaftlichkeit";-0,0048
"2942";"unwissend";-0,326
"2943";"unwissenheit";-0,4935
"2944";"unwürdig";-0,7312
"2945";"unzivilisiert";-0,4413
"2946";"unzüchtig";-0,0048
"2947";"unzufrieden";-0,3363
"2948";"unzufriedenheit";-0,6324
"2949";"unzulässig";-0,3554
"2950";"unzumutbar";-0,34
"2951";"unzumutbarkeit";-0,0048
"2952";"unzurechnungsfähig";-0,0048
"2953";"unzureichend";-0,5233
"2954";"unzusammenhängend";-0,0048
"2955";"unzuverlässig";-0,612
"2956";"unzuverlässigkeit";-0,0048
"2957";"unzweifelhaft";0,004
"2958";"upgrade";0,004
"2959";"upgraden";0,004
"2960";"üppig";0,201
"2961";"vage";-0,3406
"2962";"vagheit";-0,0048
"2963";"verabscheuungswürdig";-0,0048
"2964";"verachten";-0,0048
"2965";"verächtlich";-0,3245
"2966";"verachtung";-0,3308
"2967";"veraltet";-0,507
"2968";"verängstigt";-0,056
"2969";"verantwortlich";0,004
"2970";"verantwortungsbewußt";0,004
"2971";"verantwortung";0,004
"2972";"verantwortungsvoll";0,004
"2973";"verärgern";-0,1825
"2974";"verarschen";-0,0048
"2975";"verband";0,004
"2976";"verbannen";-0,0048
"2977";"verbannung";-0,0048
"2978";"verbessern";0,004
"2979";"verbesserung";0,004
"2980";"verbeulen";-0,0327
"2981";"verbieten";-0,629
"2982";"verbinden";0,004
"2983";"verbindlich";0,004
"2984";"verbittert";-0,4659
"2985";"verblassen";-0,0048
"2986";"verblüffend";0,004
"2987";"verbot";-0,0048
"2988";"verboten";-0,3657
"2989";"verbund";0,004
"2990";"verbundenheit";0,004
"2991";"verbündete";0,004
"2992";"verdächtige";-0,0048
"2993";"verdacht";-0,8074
"2994";"verdammen";-0,6079
"2995";"verdammt";-0,2925
"2996";"verdecken";-0,0516
"2997";"verderben";-0,0048
"2998";"verderblich";-0,3131
"2999";"verdienen";0,0989
"3000";"verdienst";0,004
"3001";"verdient";0,3612
"3002";"verdorben";-0,1755
"3003";"verdorbenheit";-0,0048
"3004";"verdrängen";-0,3468
"3005";"verdrängung";-0,0048
"3006";"verdrießlich";-0,0048
"3007";"verdunkeln";-0,0048
"3008";"veredeln";0,004
"3009";"veredelung";0,004
"3010";"verehren";0,004
"3011";"verehrt";0,004
"3012";"verehrung";0,004
"3013";"vereidigen";0,004
"3014";"vereinbarung";0,004
"3015";"vereinen";0,004
"3016";"vereinfachen";0,004
"3017";"vereinfachung";0,004
"3018";"vereinigung";0,004
"3019";"vereiteln";-0,0048
"3020";"vererben";0,004
"3021";"vererbung";0,004
"3022";"verfall";-0,0048
"3023";"verfallen";-0,4849
"3024";"verfälschen";-0,3323
"3025";"verfassungswidrig";-0,0048
"3026";"verfehlen";-0,0373
"3027";"verfehlung";-0,0048
"3028";"verfeinern";0,004
"3029";"verfeinerung";0,004
"3030";"verfluchen";-0,3284
"3031";"verführerisch";0,004
"3032";"vergammelt";-0,0048
"3033";"vergeben";0,004
"3034";"vergeblich";-0,0048
"3035";"vergebung";0,004
"3036";"vergelten";-0,0048
"3037";"vergeltung";-0,3369
"3038";"vergeltungsmaßnahme";-0,0048
"3039";"vergeuden";-0,1836
"3040";"vergeudung";-0,0048
"3041";"vergewaltigen";-0,0048
"3042";"vergnügen";0,1838
"3043";"vergolden";0,004
"3044";"vergöttern";0,004
"3045";"vergöttert";0,004
"3046";"vergötterung";0,004
"3047";"vergrößern";0,004
"3048";"vergrößerung";0,004
"3049";"verhandeln";0,004
"3050";"verhandelung";0,004
"3051";"verhängnis";-0,0048
"3052";"verhängnisvoll";-0,333
"3053";"verharmlosen";-0,049
"3054";"verhasst";-0,0048
"3055";"verheeren";-0,0048
"3056";"verheerend";-0,478
"3057";"verheißungsvoll";0,004
"3058";"verherrlichen";-0,0048
"3059";"verherrlichung";-0,0048
"3060";"verhöhnen";-0,0048
"3061";"verirren";-0,0498
"3062";"veritabel";0,004
"3063";"verkehrswidrig";-0,0048
"3064";"verkleinern";-0,0048
"3065";"verkleinerung";-0,0048
"3066";"verkrüppeln";-0,0048
"3067";"verlangsamen";-0,0048
"3068";"verlangsamung";-0,0048
"3069";"verlässlich";0,0854
"3070";"verletzbar";-0,0048
"3071";"verletzen";-0,3615
"3072";"verletzlich";-0,0487
"3073";"verletzt";-0,5202
"3074";"verletzung";-0,5032
"3075";"verleumden";-0,4473
"3076";"verleumdung";-0,4792
"3077";"verlieren";-0,393
"3078";"verlierer";-0,3441
"3079";"verlöbnis";0,004
"3080";"verlobung";0,004
"3081";"verlockend";0,004
"3082";"verlogen";-0,3355
"3083";"verlust";-0,5204
"3084";"vermachen";0,004
"3085";"vermehrt";0,004
"3086";"vermeiden";-0,5265
"3087";"vermeidung";-0,0048
"3088";"vermindern";-0,0048
"3089";"verminderung";-0,0048
"3090";"vermitteln";0,0699
"3091";"vermittlung";0,004
"3092";"vernachlässigung";-0,328
"3093";"vernichten";-0,4902
"3094";"vernichtend";-0,0048
"3095";"vernichtung";-0,4883
"3096";"vernünftig";0,3436
"3097";"vernunft";0,004
"3098";"verrat";-0,0048
"3099";"verraten";-0,2087
"3100";"verräter";-0,3352
"3101";"verräterisch";-0,311
"3102";"verringern";-0,3537
"3103";"verrucht";-0,1714
"3104";"verrückt";-0,0337
"3105";"verrückter";-0,0447
"3106";"verrücktheit";-0,0048
"3107";"versagen";-0,3517
"3108";"versäumnis";-0,0048
"3109";"verschimmelt";-0,0048
"3110";"verschlechtern";-0,0048
"3111";"verschlechterung";-0,4959
"3112";"verschleppen";-0,0048
"3113";"verschleudern";-0,0048
"3114";"verschlingen";-4e-04
"3115";"verschmutzen";-0,0048
"3116";"verschmutzung";-0,3392
"3117";"verschönern";0,004
"3118";"verschönerung";0,004
"3119";"verschwenden";-0,0494
"3120";"verschwenderisch";-0,0048
"3121";"verschwendung";-0,0048
"3122";"verschwinden";-0,3588
"3123";"verschwörung";-0,3355
"3124";"versenken";-0,0048
"3125";"versenkung";-0,0048
"3126";"versichern";0,004
"3127";"versicherung";0,004
"3128";"versiert";0,004
"3129";"versklaven";-0,3142
"3130";"versklavt";-0,0048
"3131";"versklavung";-0,0048
"3132";"versöhnen";0,004
"3133";"versöhnlich";0,004
"3134";"versöhnung";0,004
"3135";"verspätet";-0,4819
"3136";"verspielen";-0,0048
"3137";"versprechen";0,004
"3138";"verständlich";0,0978
"3139";"verständnis";0,004
"3140";"verstand";0,004
"3141";"verstärken";0,004
"3142";"verstärkung";0,004
"3143";"verstehen";0,0957
"3144";"verstimmen";-0,0048
"3145";"verstopfen";-0,0048
"3146";"verstoß";-0,0048
"3147";"verstoßen";-0,3521
"3148";"verstricken";-0,0048
"3149";"verstrickung";-0,0048
"3150";"versuchung";-0,3463
"3151";"verteidigen";0,004
"3152";"verteidiger";0,004
"3153";"verteidigung";0,004
"3154";"vertrag";0,004
"3155";"vertrauen";0,3512
"3156";"vertrauenerweckend";0,004
"3157";"vertrauensvoll";0,004
"3158";"vertrauenswürdig";0,004
"3159";"vertrauenswürdigkeit";0,004
"3160";"vertraulich";0,004
"3161";"vertraut";0,2266
"3162";"vertrauter";0,004
"3163";"vertrautheit";0,004
"3164";"vertreiben";-0,3684
"3165";"vertreibung";-0,0048
"3166";"verurteilen";-0,77
"3167";"verurteilung";-0,0048
"3168";"verweigerung";-0,3441
"3169";"verwelken";-0,0048
"3170";"verwendbar";0,0859
"3171";"verwendbarkeit";0,004
"3172";"verwerflich";-0,7418
"3173";"verwerfung";-0,3202
"3174";"verwickeln";-0,0048
"3175";"verwirklichen";0,004
"3176";"verwirklichung";0,004
"3177";"verwirren";-0,0474
"3178";"verwirrung";-0,3323
"3179";"verwöhnen";0,3571
"3180";"verworren";-0,0048
"3181";"verwunden";-0,3186
"3182";"verwundung";-0,0048
"3183";"verwüsten";-0,0048
"3184";"verwüstung";-0,0048
"3185";"verzeihen";0,004
"3186";"verzerren";-0,0048
"3187";"verzerrung";-0,0048
"3188";"verzicht";-0,2022
"3189";"verzichten";-0,0048
"3190";"verzögern";-0,3409
"3191";"verzögerung";-0,0048
"3192";"verzückt";0,004
"3193";"verzweifeln";-0,0048
"3194";"verzweifelt";-0,1947
"3195";"verzweiflung";-0,0048
"3196";"verzwickt";-0,0403
"3197";"vielfältig";0,004
"3198";"vielseitig";0,0957
"3199";"vielseitigkeit";0,004
"3200";"vielversprechend";0,0849
"3201";"vielzahl";0,004
"3202";"visionär";0,004
"3203";"vitalität";0,004
"3204";"vital";0,2122
"3205";"vollkommen";0,0945
"3206";"vollständig";0,004
"3207";"vollständigkeit";0,004
"3208";"volltrunken";-0,0048
"3209";"voranbringen";0,004
"3210";"vorankommen";0,004
"3211";"vorantreiben";0,004
"3212";"vorbehaltlos";0,004
"3213";"vorbereiten";0,1036
"3214";"vorbereitung";0,004
"3215";"vorbildlich";0,3188
"3216";"vorhersehbar";-0,3414
"3217";"vorsicht";0,004
"3218";"vorsichtig";0,2313
"3219";"vorsorge";0,004
"3220";"vorsorgen";0,0878
"3221";"vorsorglich";0,004
"3222";"vorteil";0,004
"3223";"vorteilhaft";0,004
"3224";"vorurteil";-0,6261
"3225";"vorwand";-0,0048
"3226";"vorwärts";0,0961
"3227";"vorwerfen";-0,3254
"3228";"vorwurf";-0,5095
"3229";"vorzeigbar";0,004
"3230";"vorzeitig";-0,3462
"3231";"vorzüglich";0,3223
"3232";"vulgär";-0,3122
"3233";"wachsam";0,0891
"3234";"wachsamkeit";0,004
"3235";"wachsen";0,3607
"3236";"wachsend";0,004
"3237";"wachstum";0,004
"3238";"wackelig";-0,0048
"3239";"wackeln";-0,0048
"3240";"wagen";0,004
"3241";"wahnsinn";-0,0048
"3242";"wahnsinnig";-0,0048
"3243";"wahr";0,2176
"3244";"wahren";0,004
"3245";"wahrheit";0,004
"3246";"wankelmütig";-0,0048
"3247";"wärme";0,004
"3248";"wärmen";0,1956
"3249";"warmherzig";0,1921
"3250";"wärmstens";0,004
"3251";"warm";0,3796
"3252";"wegfallen";-0,0048
"3253";"weglassen";-0,3362
"3254";"wegweisend";0,004
"3255";"wehklagend";-0,0048
"3256";"weich";0,3591
"3257";"weichheit";0,004
"3258";"weinen";-0,1651
"3259";"weise";0,2244
"3260";"weisheit";0,004
"3261";"weiterempfehlen";0,2101
"3262";"weitgehend";0,004
"3263";"weitläufig";0,1966
"3264";"weiträumig";0,004
"3265";"weitreichend";0,004
"3266";"weitsichtig";0,004
"3267";"weitsichtigkeit";0,004
"3268";"welken";-0,0531
"3269";"weltberühmt";0,004
"3270";"wermutstropfen";-0,3356
"3271";"wert";0,004
"3272";"wertig";0,004
"3273";"wertlos";-0,6264
"3274";"wertlosigkeit";-0,0048
"3275";"wertschätzen";0,004
"3276";"wertschätzung";0,004
"3277";"wertsteigerung";0,004
"3278";"wertverlust";-0,0048
"3279";"wertvoll";0,357
"3280";"wettbewerbswidrig";-0,0048
"3281";"wichtig";0,3822
"3282";"wichtigtuer";-0,0048
"3283";"wichtigtun";-0,0048
"3284";"widerlegen";-0,3452
"3285";"widernatürlich";-0,3064
"3286";"widernatürlichkeit";-0,0048
"3287";"widerruf";-0,0048
"3288";"widerrufen";-0,0048
"3289";"widersinnig";-0,3266
"3290";"widerspenstig";-0,1789
"3291";"widersprechen";-0,354
"3292";"widerspruch";-0,3655
"3293";"widersprüchlich";-0,2043
"3294";"widerstandsfähig";0,0877
"3295";"widerstandsfähigkeit";0,004
"3296";"widerwärtig";-0,0048
"3297";"widrig";-0,0048
"3298";"widrigkeit";-0,0048
"3299";"wiederaufleben";0,004
"3300";"wiederbeleben";0,004
"3301";"wiederbelebung";0,004
"3302";"wiedergewinnen";0,004
"3303";"wiedergutmachen";0,004
"3304";"wiedergutmachung";0,004
"3305";"wiederherstellen";0,004
"3306";"wiederherstellung";0,004
"3307";"wiederkehr";0,004
"3308";"wiederkehren";0,004
"3309";"wiedervereinigen";0,004
"3310";"wiedervereinigung";0,004
"3311";"wille";0,004
"3312";"willenstark";0,004
"3313";"willkommen";0,004
"3314";"willkürlich";-0,3481
"3315";"wirksam";0,004
"3316";"wirksamkeit";0,004
"3317";"wirkungslos";-0,0048
"3318";"wirkungsvoll";0,004
"3319";"wirr";-0,1841
"3320";"wirtschaftlich";0,004
"3321";"wirtschaftskrise";-0,0048
"3322";"wissen";0,004
"3323";"witz";0,004
"3324";"witzig";0,4463
"3325";"wohlbehalten";0,0883
"3326";"wohlergehen";0,004
"3327";"wohlgefallen";0,004
"3328";"wohlgeordnet";0,004
"3329";"wohlhabend";0,201
"3330";"wohlig";0,32
"3331";"wohlstand";0,004
"3332";"wohltat";0,004
"3333";"wohltäter";0,004
"3334";"wohltätig";0,004
"3335";"wohltätigkeit";0,004
"3336";"wohltuend";0,2113
"3337";"wohlwollen";0,004
"3338";"wohlwollend";0,004
"3339";"wohnlich";0,0885
"3340";"wrack";-0,0048
"3341";"wunde";-0,3396
"3342";"wunder";0,0741
"3343";"wunderbar";0,7234
"3344";"wundersam";0,004
"3345";"wunderschön";0,7048
"3346";"wundervoll";0,308
"3347";"wünschenswert";0,004
"3348";"wunschgemäß";0,004
"3349";"würdevoll";0,004
"3350";"würdig";0,0801
"3351";"würdigen";0,2056
"3352";"würgen";-0,0048
"3353";"wüste";-0,0048
"3354";"wut";-0,4726
"3355";"wüten";-0,0048
"3356";"wütend";-0,3233
"3357";"wutentbrannt";-0,3138
"3358";"wutschäumend";-0,0048
"3359";"zahlungsunfähig";-0,0048
"3360";"zahlungsunfähigkeit";-0,0048
"3361";"zappeln";-0,0048
"3362";"zauberhaft";0,004
"3363";"zaudern";-0,0048
"3364";"zeitsparend";0,004
"3365";"zeitverschwendung";-0,3223
"3366";"zenit";0,004
"3367";"zensieren";-0,315
"3368";"zensur";-0,3468
"3369";"zerbrechen";-0,0522
"3370";"zerfressen";-0,0048
"3371";"zerren";-0,0048
"3372";"zerrissen";-0,4776
"3373";"zerrung";-0,0048
"3374";"zerschlagen";-0,0048
"3375";"zerschlagung";-0,0048
"3376";"zerschmettern";-0,0048
"3377";"zerschunden";-0,0048
"3378";"zersetzen";-0,0048
"3379";"zersetzend";-0,0048
"3380";"zerstören";-0,5131
"3381";"zerstörerisch";-0,4715
"3382";"zerstört";-0,503
"3383";"zerstörung";-0,3578
"3384";"zerstreuen";-0,0048
"3385";"ziel";0,004
"3386";"zielgerichtet";0,004
"3387";"ziellos";-0,3305
"3388";"ziellosigkeit";-0,0048
"3389";"zielstrebig";0,1955
"3390";"zittern";-0,0048
"3391";"zivilisiert";0,004
"3392";"zögern";-0,0048
"3393";"zoll";-0,0048
"3394";"zorn";-0,3537
"3395";"zornig";-0,1853
"3396";"züchtigen";-0,0048
"3397";"zufließen";0,004
"3398";"zuflucht";0,004
"3399";"zufrieden";0,393
"3400";"zufriedenheit";0,2207
"3401";"zufriedenstellend";0,004
"3402";"zufügen";0,004
"3403";"zugabe";0,0882
"3404";"zugänglich";0,004
"3405";"zugänglichkeit";0,004
"3406";"zugeben";0,004
"3407";"zugreifen";0,004
"3408";"zukunftsweisend";0,0859
"3409";"zulage";0,004
"3410";"zulässig";0,004
"3411";"zulässigkeit";0,004
"3412";"zulegen";0,0922
"3413";"zumutung";-0,3286
"3414";"zuneigung";0,004
"3415";"zurückbleiben";-0,1831
"3416";"zurückgeben";-0,0619
"3417";"zurückgegeben";-0,3502
"3418";"zurückgehen";-0,0048
"3419";"zurückgeschickt";-0,3377
"3420";"zurückgewinnen";0,004
"3421";"zurückhalten";-0,0048
"3422";"zurückschicken";-0,331
"3423";"zusammenarbeit";0,0893
"3424";"zusammenbrechen";-0,3317
"3425";"zusammenbruch";-0,0048
"3426";"zusammengehörigkeit";0,004
"3427";"zusammenhalt";0,1947
"3428";"zusammenhalten";0,0834
"3429";"zusammenhanglos";-0,0048
"3430";"zusammenrechen";-0,0048
"3431";"zusammenschlagen";-0,0395
"3432";"zusammenstoß";-0,3302
"3433";"zusammenstoßen";-0,0048
"3434";"zuschießen";0,004
"3435";"zuschuß";0,004
"3436";"zustimmen";0,004
"3437";"zustimmung";0,004
"3438";"zuverlässig";0,2052
"3439";"zuverlässigkeit";0,004
"3440";"zuversicht";0,0727
"3441";"zuversichtlich";0,2179
"3442";"zuvorkommend";0,6669
"3443";"zwang";-0,0721
"3444";"zwangslage";-0,0048
"3445";"zwangsmaßnahmen";-0,0048
"3446";"zwecklos";-0,0048
"3447";"zweideutig";-0,3174
"3448";"zweifel";-0,0048
"3449";"zweifelhaft";-0,3455
"3450";"zweifellos";0,0839
"3451";"zweifeln";-0,1935
"3452";"zweitklassig";-0,1725
"3453";"zwiespältig";-0,0048
"3454";"zwietracht";-0,0048
"3455";"zwieträchtig";-0,0048
"3456";"zwingen";-0,4975
